district,date,year,month,day,temp,humidity,pressure,uv_index,aqi_us,aqi_eu,pm1,pm2_5,pm10,so2_ppb,no2_ppb,o3_ppb,co_ppb
Shariatpur,2023-03-01,2023,3,1,26.9,54.4,1017.0,9.0,154.0,5.0,54.0,64.0,93.0,11.0,22.0,96.0,414.0
Shariatpur,2023-03-02,2023,3,2,26.5,63.0,1016.5,9.0,157.0,5.0,57.0,68.0,98.0,13.0,31.0,87.0,537.0
Shariatpur,2023-03-03,2023,3,3,27.6,59.5,1016.2,9.0,157.0,5.0,54.0,64.0,92.0,11.0,35.0,71.0,568.0
Shariatpur,2023-03-04,2023,3,4,27.0,65.7,1015.8,9.0,153.0,5.0,55.0,65.0,94.0,9.0,33.0,73.0,532.0
Shariatpur,2023-03-05,2023,3,5,27.5,58.2,1014.9,9.0,158.0,5.0,59.0,70.0,102.0,11.0,34.0,81.0,529.0
Shariatpur,2023-03-06,2023,3,6,27.9,56.4,1014.0,9.0,155.0,5.0,46.0,55.0,81.0,8.0,30.0,69.0,435.0
Shariatpur,2023-03-07,2023,3,7,27.9,56.6,1014.6,9.0,133.0,4.0,39.0,46.0,67.0,8.0,27.0,73.0,396.0
Shariatpur,2023-03-08,2023,3,8,27.7,53.2,1015.4,8.0,112.0,4.0,31.0,37.0,53.0,9.0,31.0,61.0,385.0
Shariatpur,2023-03-09,2023,3,9,27.8,60.9,1014.2,9.0,114.0,4.0,44.0,52.0,74.0,9.0,23.0,76.0,408.0
Shariatpur,2023-03-10,2023,3,10,27.6,52.9,1013.8,7.0,153.0,5.0,53.0,62.0,89.0,10.0,38.0,63.0,560.0
Shariatpur,2023-03-11,2023,3,11,27.7,58.9,1013.9,8.0,156.0,5.0,61.0,72.0,103.0,11.0,43.0,78.0,588.0
Shariatpur,2023-03-12,2023,3,12,28.0,58.0,1013.1,9.0,155.0,5.0,51.0,59.0,85.0,11.0,26.0,83.0,434.0
Shariatpur,2023-03-13,2023,3,13,28.6,56.7,1011.4,9.0,151.0,5.0,44.0,51.0,74.0,9.0,25.0,73.0,400.0
Shariatpur,2023-03-14,2023,3,14,28.2,59.3,1009.8,9.0,143.0,5.0,50.0,59.0,85.0,9.0,25.0,77.0,471.0
Shariatpur,2023-03-15,2023,3,15,27.4,68.1,1009.4,8.0,149.0,5.0,43.0,51.0,75.0,3.0,6.0,31.0,192.0
Shariatpur,2023-03-16,2023,3,16,27.7,68.0,1011.8,8.0,122.0,4.0,38.0,46.0,69.0,3.0,14.0,60.0,317.0
Shariatpur,2023-03-17,2023,3,17,26.0,73.8,1012.7,6.0,155.0,5.0,68.0,81.0,117.0,11.0,27.0,75.0,528.0
Shariatpur,2023-03-18,2023,3,18,25.8,71.4,1011.0,9.0,164.0,6.0,62.0,73.0,107.0,10.0,19.0,77.0,485.0
Shariatpur,2023-03-19,2023,3,19,24.0,80.5,1010.2,5.0,150.0,5.0,37.0,43.0,63.0,3.0,12.0,56.0,357.0
Shariatpur,2023-03-20,2023,3,20,25.5,74.1,1008.8,7.0,67.0,3.0,8.0,9.0,14.0,0.0,2.0,60.0,226.0
Shariatpur,2023-03-21,2023,3,21,25.7,69.4,1009.3,7.0,40.0,2.0,12.0,14.0,21.0,2.0,3.0,65.0,197.0
Shariatpur,2023-03-22,2023,3,22,25.8,69.7,1008.6,8.0,72.0,3.0,22.0,27.0,39.0,2.0,9.0,69.0,264.0
Shariatpur,2023-03-23,2023,3,23,26.2,69.2,1008.4,9.0,82.0,4.0,23.0,28.0,41.0,6.0,7.0,78.0,286.0
Shariatpur,2023-03-24,2023,3,24,26.0,74.0,1010.1,9.0,86.0,4.0,27.0,32.0,47.0,3.0,11.0,68.0,272.0
Shariatpur,2023-03-25,2023,3,25,26.6,75.5,1011.0,9.0,125.0,4.0,42.0,49.0,72.0,4.0,25.0,60.0,386.0
Shariatpur,2023-03-26,2023,3,26,27.1,69.7,1008.9,9.0,118.0,4.0,31.0,38.0,56.0,3.0,9.0,65.0,243.0
Shariatpur,2023-03-27,2023,3,27,26.7,70.2,1008.7,7.0,111.0,4.0,36.0,44.0,65.0,5.0,5.0,87.0,246.0
Shariatpur,2023-03-28,2023,3,28,27.5,68.5,1009.0,9.0,127.0,4.0,40.0,48.0,70.0,6.0,4.0,95.0,275.0
Shariatpur,2023-03-29,2023,3,29,26.3,78.1,1010.8,9.0,119.0,4.0,31.0,37.0,55.0,2.0,5.0,71.0,228.0
Shariatpur,2023-03-30,2023,3,30,27.0,73.2,1009.2,8.0,98.0,4.0,26.0,32.0,47.0,1.0,5.0,57.0,192.0
Shariatpur,2023-03-31,2023,3,31,26.2,70.8,1009.9,6.0,83.0,4.0,22.0,27.0,41.0,2.0,4.0,68.0,177.0
Shariatpur,2023-04-01,2023,4,1,24.7,78.8,1009.2,6.0,83.0,4.0,23.0,27.0,39.0,3.0,5.0,93.0,237.0
Shariatpur,2023-04-02,2023,4,2,26.1,70.2,1007.3,9.0,76.0,3.0,20.0,24.0,35.0,3.0,3.0,84.0,195.0
Shariatpur,2023-04-03,2023,4,3,27.7,67.4,1007.2,9.0,81.0,4.0,23.0,28.0,42.0,5.0,4.0,80.0,208.0
Shariatpur,2023-04-04,2023,4,4,28.7,66.0,1007.5,9.0,83.0,4.0,22.0,27.0,40.0,5.0,4.0,71.0,183.0
Shariatpur,2023-04-05,2023,4,5,29.3,70.0,1006.9,9.0,79.0,4.0,21.0,26.0,40.0,4.0,2.0,69.0,165.0
Shariatpur,2023-04-06,2023,4,6,29.5,64.2,1009.9,9.0,94.0,4.0,32.0,38.0,57.0,5.0,6.0,84.0,242.0
Shariatpur,2023-04-07,2023,4,7,30.1,58.1,1011.3,10.0,116.0,4.0,34.0,40.0,58.0,7.0,10.0,88.0,319.0
Shariatpur,2023-04-08,2023,4,8,29.9,58.2,1012.5,10.0,124.0,4.0,42.0,50.0,73.0,7.0,14.0,104.0,389.0
Shariatpur,2023-04-09,2023,4,9,30.1,56.7,1011.9,10.0,144.0,5.0,46.0,54.0,78.0,9.0,17.0,89.0,405.0
Shariatpur,2023-04-10,2023,4,10,30.5,58.2,1010.2,9.0,145.0,5.0,46.0,54.0,77.0,10.0,15.0,92.0,401.0
Shariatpur,2023-04-11,2023,4,11,30.6,58.6,1009.7,9.0,150.0,5.0,48.0,57.0,82.0,10.0,10.0,99.0,379.0
Shariatpur,2023-04-12,2023,4,12,30.9,53.6,1008.6,10.0,151.0,5.0,48.0,56.0,82.0,8.0,17.0,93.0,357.0
Shariatpur,2023-04-13,2023,4,13,31.4,54.5,1007.5,10.0,140.0,5.0,41.0,49.0,70.0,8.0,13.0,97.0,326.0
Shariatpur,2023-04-14,2023,4,14,31.8,51.7,1007.3,10.0,122.0,4.0,36.0,43.0,62.0,7.0,17.0,84.0,331.0
Shariatpur,2023-04-15,2023,4,15,32.8,55.0,1006.9,9.0,134.0,5.0,43.0,51.0,74.0,7.0,33.0,70.0,470.0
Shariatpur,2023-04-16,2023,4,16,32.9,56.9,1005.4,9.0,148.0,5.0,48.0,57.0,82.0,9.0,29.0,89.0,487.0
Shariatpur,2023-04-17,2023,4,17,32.3,62.0,1006.4,10.0,133.0,4.0,40.0,47.0,69.0,7.0,5.0,87.0,278.0
Shariatpur,2023-04-18,2023,4,18,32.1,66.4,1007.7,10.0,125.0,4.0,38.0,46.0,69.0,4.0,5.0,82.0,255.0
Shariatpur,2023-04-19,2023,4,19,32.0,65.0,1004.1,9.0,115.0,4.0,29.0,35.0,53.0,4.0,4.0,77.0,222.0
Shariatpur,2023-04-20,2023,4,20,32.1,68.1,1001.9,10.0,95.0,4.0,24.0,30.0,47.0,3.0,3.0,76.0,199.0
Shariatpur,2023-04-21,2023,4,21,30.3,70.8,1003.0,9.0,89.0,4.0,26.0,33.0,52.0,3.0,4.0,79.0,190.0
Shariatpur,2023-04-22,2023,4,22,29.2,62.8,1004.6,10.0,100.0,4.0,28.0,35.0,53.0,4.0,5.0,78.0,239.0
Shariatpur,2023-04-23,2023,4,23,27.4,68.0,1007.5,7.0,114.0,4.0,42.0,50.0,74.0,13.0,10.0,95.0,341.0
Shariatpur,2023-04-24,2023,4,24,28.0,67.3,1010.5,9.0,150.0,5.0,47.0,56.0,82.0,12.0,21.0,97.0,418.0
Shariatpur,2023-04-25,2023,4,25,29.9,61.4,1010.1,9.0,153.0,5.0,46.0,54.0,79.0,10.0,21.0,96.0,406.0
Shariatpur,2023-04-26,2023,4,26,30.4,58.5,1008.3,9.0,147.0,5.0,48.0,57.0,82.0,8.0,13.0,121.0,386.0
Shariatpur,2023-04-27,2023,4,27,29.7,65.6,1008.7,9.0,152.0,5.0,48.0,56.0,81.0,10.0,12.0,120.0,392.0
Shariatpur,2023-04-28,2023,4,28,28.3,64.7,1009.3,9.0,140.0,5.0,41.0,48.0,70.0,8.0,8.0,108.0,307.0
Shariatpur,2023-04-29,2023,4,29,29.1,70.3,1008.4,9.0,113.0,4.0,31.0,37.0,54.0,7.0,6.0,95.0,258.0
Shariatpur,2023-04-30,2023,4,30,29.1,66.4,1007.6,9.0,119.0,4.0,40.0,48.0,70.0,9.0,11.0,97.0,310.0
Shariatpur,2023-05-01,2023,5,1,28.4,70.0,1008.5,7.0,141.0,5.0,44.0,52.0,75.0,7.0,11.0,99.0,327.0
Shariatpur,2023-05-02,2023,5,2,29.6,63.9,1009.1,10.0,146.0,5.0,45.0,53.0,77.0,9.0,13.0,86.0,324.0
Shariatpur,2023-05-03,2023,5,3,28.7,70.1,1009.9,8.0,104.0,4.0,21.0,25.0,38.0,4.0,6.0,68.0,214.0
Shariatpur,2023-05-04,2023,5,4,27.9,73.7,1009.1,4.0,76.0,3.0,18.0,21.0,31.0,2.0,8.0,56.0,203.0
Shariatpur,2023-05-05,2023,5,5,29.7,67.3,1006.4,8.0,60.0,2.0,17.0,20.0,29.0,2.0,8.0,62.0,205.0
Shariatpur,2023-05-06,2023,5,6,29.9,67.2,1005.2,9.0,111.0,4.0,49.0,57.0,82.0,10.0,13.0,101.0,350.0
Shariatpur,2023-05-07,2023,5,7,31.0,61.4,1004.8,9.0,152.0,5.0,47.0,55.0,80.0,10.0,16.0,86.0,339.0
Shariatpur,2023-05-08,2023,5,8,32.9,56.9,1003.9,9.0,143.0,5.0,42.0,50.0,73.0,9.0,20.0,83.0,333.0
Shariatpur,2023-05-09,2023,5,9,32.8,54.1,1004.2,9.0,140.0,5.0,46.0,54.0,78.0,9.0,21.0,87.0,350.0
Shariatpur,2023-05-10,2023,5,10,31.5,61.2,1005.1,9.0,142.0,5.0,39.0,47.0,68.0,9.0,9.0,89.0,282.0
Shariatpur,2023-05-11,2023,5,11,31.2,63.4,1006.9,10.0,96.0,4.0,21.0,25.0,37.0,3.0,12.0,63.0,224.0
Shariatpur,2023-05-12,2023,5,12,31.1,64.9,1007.0,9.0,79.0,4.0,21.0,26.0,40.0,3.0,12.0,64.0,227.0
Shariatpur,2023-05-13,2023,5,13,30.3,69.6,1005.4,7.0,88.0,4.0,27.0,33.0,48.0,3.0,5.0,72.0,232.0
Shariatpur,2023-05-14,2023,5,14,28.6,65.0,1000.5,2.0,90.0,4.0,19.0,23.0,33.0,0.0,1.0,24.0,104.0
Shariatpur,2023-05-15,2023,5,15,29.3,60.9,1003.6,10.0,69.0,3.0,18.0,21.0,32.0,1.0,2.0,73.0,170.0
Shariatpur,2023-05-16,2023,5,16,29.2,71.2,1005.8,8.0,72.0,3.0,16.0,22.0,35.0,1.0,3.0,80.0,188.0
Shariatpur,2023-05-17,2023,5,17,27.2,74.8,1008.8,9.0,67.0,2.0,15.0,21.0,34.0,1.0,3.0,68.0,151.0
Shariatpur,2023-05-18,2023,5,18,27.0,76.0,1009.8,8.0,68.0,3.0,12.0,17.0,28.0,1.0,3.0,58.0,148.0
Shariatpur,2023-05-19,2023,5,19,29.2,73.8,1007.2,8.0,67.0,2.0,17.0,24.0,40.0,1.0,4.0,61.0,156.0
Shariatpur,2023-05-20,2023,5,20,30.2,66.9,1006.2,9.0,72.0,3.0,15.0,20.0,31.0,1.0,4.0,64.0,166.0
Shariatpur,2023-05-21,2023,5,21,30.3,72.0,1007.4,9.0,67.0,2.0,15.0,20.0,33.0,1.0,5.0,62.0,176.0
Shariatpur,2023-05-22,2023,5,22,29.7,73.5,1008.0,7.0,69.0,3.0,14.0,20.0,33.0,1.0,4.0,59.0,164.0
Shariatpur,2023-05-23,2023,5,23,28.5,79.9,1008.2,7.0,66.0,2.0,15.0,20.0,32.0,1.0,6.0,59.0,171.0
Shariatpur,2023-05-24,2023,5,24,27.3,76.9,1007.0,4.0,71.0,3.0,16.0,21.0,33.0,1.0,5.0,65.0,179.0
Shariatpur,2023-05-25,2023,5,25,28.8,72.9,1006.3,7.0,66.0,2.0,16.0,20.0,31.0,1.0,3.0,69.0,175.0
Shariatpur,2023-05-26,2023,5,26,29.7,67.5,1007.2,8.0,77.0,4.0,21.0,26.0,41.0,2.0,5.0,72.0,190.0
Shariatpur,2023-05-27,2023,5,27,27.9,78.4,1006.6,8.0,79.0,4.0,19.0,25.0,38.0,1.0,6.0,68.0,204.0
Shariatpur,2023-05-28,2023,5,28,29.3,69.2,1007.0,9.0,87.0,4.0,33.0,40.0,59.0,3.0,13.0,88.0,275.0
Shariatpur,2023-05-29,2023,5,29,30.8,64.4,1007.6,10.0,151.0,5.0,63.0,75.0,109.0,2.0,20.0,19.0,248.0
Shariatpur,2023-05-30,2023,5,30,31.9,62.5,1006.6,9.0,159.0,5.0,60.0,71.0,105.0,4.0,17.0,95.0,335.0
Shariatpur,2023-05-31,2023,5,31,32.2,62.0,1005.0,9.0,154.0,5.0,44.0,53.0,80.0,6.0,12.0,103.0,327.0
Shariatpur,2023-06-01,2023,6,1,32.4,64.8,1003.6,8.0,118.0,4.0,31.0,38.0,59.0,4.0,8.0,86.0,247.0
Shariatpur,2023-06-02,2023,6,2,32.5,66.6,1003.6,9.0,116.0,4.0,37.0,45.0,69.0,3.0,4.0,85.0,234.0
Shariatpur,2023-06-03,2023,6,3,32.2,65.1,1004.8,9.0,114.0,4.0,28.0,35.0,54.0,2.0,4.0,79.0,228.0
Shariatpur,2023-06-04,2023,6,4,32.5,63.3,1004.6,9.0,95.0,4.0,26.0,32.0,51.0,2.0,5.0,72.0,200.0
Shariatpur,2023-06-05,2023,6,5,32.6,62.3,1003.0,9.0,99.0,4.0,31.0,38.0,60.0,2.0,9.0,75.0,223.0
Shariatpur,2023-06-06,2023,6,6,33.3,63.2,1001.9,9.0,104.0,4.0,28.0,34.0,51.0,2.0,10.0,75.0,225.0
Shariatpur,2023-06-07,2023,6,7,32.6,68.9,1001.2,8.0,116.0,4.0,44.0,53.0,77.0,6.0,10.0,109.0,293.0
Shariatpur,2023-06-08,2023,6,8,30.1,78.7,1001.2,3.0,136.0,5.0,33.0,40.0,60.0,3.0,7.0,80.0,265.0
Shariatpur,2023-06-09,2023,6,9,27.7,81.6,1000.4,2.0,106.0,4.0,24.0,29.0,41.0,1.0,4.0,45.0,140.0
Shariatpur,2023-06-10,2023,6,10,28.0,80.9,999.4,4.0,75.0,3.0,28.0,33.0,48.0,3.0,8.0,85.0,237.0
Shariatpur,2023-06-11,2023,6,11,28.9,78.0,999.2,6.0,104.0,4.0,21.0,25.0,37.0,2.0,5.0,70.0,198.0
Shariatpur,2023-06-12,2023,6,12,28.3,80.7,999.9,9.0,65.0,2.0,18.0,23.0,35.0,1.0,4.0,70.0,154.0
Shariatpur,2023-06-13,2023,6,13,29.5,73.7,999.2,8.0,77.0,3.0,19.0,24.0,36.0,1.0,3.0,68.0,145.0
Shariatpur,2023-06-14,2023,6,14,31.0,70.0,998.8,9.0,79.0,4.0,20.0,25.0,39.0,2.0,3.0,76.0,134.0
Shariatpur,2023-06-15,2023,6,15,30.6,73.7,999.9,7.0,79.0,4.0,20.0,26.0,41.0,2.0,3.0,78.0,132.0
Shariatpur,2023-06-16,2023,6,16,31.0,76.8,1000.6,7.0,78.0,4.0,15.0,21.0,34.0,1.0,1.0,38.0,66.0
Shariatpur,2023-06-17,2023,6,17,30.2,74.5,1002.5,8.0,67.0,2.0,13.0,19.0,32.0,1.0,2.0,58.0,106.0
Shariatpur,2023-06-18,2023,6,18,28.6,81.8,1003.5,8.0,64.0,2.0,11.0,17.0,29.0,1.0,3.0,50.0,111.0
Shariatpur,2023-06-19,2023,6,19,29.0,77.0,1003.0,7.0,58.0,2.0,9.0,14.0,23.0,0.0,1.0,18.0,41.0
Shariatpur,2023-06-20,2023,6,20,28.3,81.2,1003.2,8.0,52.0,2.0,7.0,11.0,18.0,0.0,3.0,29.0,71.0
Shariatpur,2023-06-21,2023,6,21,29.1,81.9,1003.3,8.0,44.0,2.0,7.0,10.0,16.0,1.0,4.0,44.0,108.0
Shariatpur,2023-06-22,2023,6,22,29.3,78.6,1003.7,5.0,41.0,2.0,6.0,9.0,14.0,0.0,5.0,43.0,122.0
Shariatpur,2023-06-23,2023,6,23,29.5,77.9,1002.7,7.0,33.0,1.0,5.0,7.0,11.0,0.0,3.0,46.0,119.0
Shariatpur,2023-06-24,2023,6,24,30.0,74.4,1001.9,6.0,34.0,2.0,6.0,9.0,13.0,0.0,3.0,57.0,133.0
Shariatpur,2023-06-25,2023,6,25,29.4,74.3,1002.3,8.0,36.0,1.0,5.0,8.0,13.0,0.0,2.0,51.0,107.0
Shariatpur,2023-06-26,2023,6,26,28.7,76.0,1002.6,5.0,31.0,1.0,4.0,6.0,10.0,1.0,3.0,46.0,107.0
Shariatpur,2023-06-27,2023,6,27,27.1,85.1,1003.3,3.0,29.0,1.0,5.0,8.0,13.0,0.0,3.0,44.0,102.0
Shariatpur,2023-06-28,2023,6,28,27.2,86.9,1005.5,5.0,45.0,2.0,8.0,13.0,22.0,1.0,2.0,52.0,123.0
Shariatpur,2023-06-29,2023,6,29,27.0,88.7,1005.4,4.0,54.0,2.0,7.0,11.0,19.0,1.0,3.0,44.0,132.0
Shariatpur,2023-06-30,2023,6,30,28.1,82.3,1004.2,7.0,45.0,2.0,8.0,12.0,19.0,1.0,4.0,42.0,147.0
Shariatpur,2023-07-01,2023,7,1,27.4,88.4,1004.1,6.0,53.0,2.0,10.0,14.0,22.0,1.0,5.0,45.0,169.0
Shariatpur,2023-07-02,2023,7,2,29.0,82.1,1003.3,8.0,53.0,2.0,9.0,12.0,18.0,1.0,4.0,46.0,161.0
Shariatpur,2023-07-03,2023,7,3,30.0,80.5,1003.4,7.0,53.0,2.0,9.0,13.0,20.0,1.0,3.0,38.0,135.0
Shariatpur,2023-07-04,2023,7,4,31.2,73.0,1002.5,8.0,46.0,2.0,6.0,9.0,13.0,1.0,4.0,30.0,130.0
Shariatpur,2023-07-05,2023,7,5,30.1,76.6,1001.6,8.0,29.0,1.0,3.0,6.0,9.0,0.0,2.0,13.0,49.0
Shariatpur,2023-07-06,2023,7,6,29.1,81.8,1003.4,5.0,24.0,1.0,3.0,5.0,9.0,0.0,1.0,35.0,88.0
Shariatpur,2023-07-07,2023,7,7,29.1,80.5,1005.1,4.0,24.0,1.0,3.0,6.0,10.0,1.0,2.0,41.0,111.0
Shariatpur,2023-07-08,2023,7,8,29.3,78.5,1005.5,7.0,28.0,1.0,4.0,7.0,11.0,1.0,3.0,43.0,116.0
Shariatpur,2023-07-09,2023,7,9,30.2,74.1,1004.7,8.0,33.0,1.0,7.0,9.0,14.0,1.0,3.0,47.0,133.0
Shariatpur,2023-07-10,2023,7,10,30.0,76.2,1004.2,6.0,44.0,2.0,7.0,11.0,18.0,1.0,4.0,39.0,133.0
Shariatpur,2023-07-11,2023,7,11,29.8,75.2,1004.4,7.0,41.0,2.0,5.0,8.0,13.0,1.0,3.0,41.0,125.0
Shariatpur,2023-07-12,2023,7,12,30.1,72.7,1004.7,7.0,34.0,1.0,4.0,8.0,12.0,1.0,3.0,27.0,99.0
Shariatpur,2023-07-13,2023,7,13,29.8,73.2,1004.5,6.0,28.0,1.0,4.0,7.0,10.0,1.0,3.0,37.0,121.0
Shariatpur,2023-07-14,2023,7,14,30.2,72.4,1003.8,5.0,36.0,1.0,5.0,10.0,14.0,1.0,3.0,44.0,136.0
Shariatpur,2023-07-15,2023,7,15,29.4,73.5,1002.9,6.0,35.0,1.0,4.0,7.0,10.0,1.0,3.0,46.0,125.0
Shariatpur,2023-07-16,2023,7,16,28.5,78.1,1002.3,6.0,26.0,2.0,3.0,5.0,8.0,1.0,2.0,50.0,119.0
Shariatpur,2023-07-17,2023,7,17,29.7,75.0,1001.4,6.0,24.0,1.0,4.0,6.0,9.0,1.0,3.0,44.0,116.0
Shariatpur,2023-07-18,2023,7,18,30.7,67.4,1000.8,9.0,28.0,1.0,4.0,7.0,10.0,1.0,3.0,43.0,112.0
Shariatpur,2023-07-19,2023,7,19,31.5,64.4,1000.0,7.0,28.0,1.0,4.0,7.0,10.0,1.0,2.0,22.0,61.0
Shariatpur,2023-07-20,2023,7,20,31.2,68.7,1000.4,8.0,26.0,1.0,3.0,6.0,9.0,1.0,2.0,44.0,96.0
Shariatpur,2023-07-21,2023,7,21,31.0,71.0,1003.4,8.0,24.0,1.0,3.0,5.0,8.0,1.0,2.0,44.0,97.0
Shariatpur,2023-07-22,2023,7,22,31.1,72.7,1006.3,8.0,22.0,1.0,3.0,5.0,8.0,1.0,3.0,38.0,104.0
Shariatpur,2023-07-23,2023,7,23,31.0,72.8,1006.2,8.0,31.0,1.0,5.0,9.0,14.0,1.0,3.0,36.0,112.0
Shariatpur,2023-07-24,2023,7,24,31.5,68.9,1004.0,8.0,40.0,1.0,6.0,10.0,15.0,1.0,4.0,36.0,123.0
Shariatpur,2023-07-25,2023,7,25,31.2,72.2,1004.2,9.0,36.0,1.0,4.0,7.0,10.0,1.0,3.0,37.0,112.0
Shariatpur,2023-07-26,2023,7,26,30.7,71.5,1004.8,6.0,23.0,1.0,3.0,5.0,8.0,0.0,1.0,13.0,43.0
Shariatpur,2023-07-27,2023,7,27,30.0,79.1,1003.9,6.0,23.0,1.0,3.0,6.0,10.0,1.0,2.0,36.0,88.0
Shariatpur,2023-07-28,2023,7,28,29.6,77.2,1001.5,8.0,31.0,1.0,5.0,8.0,14.0,1.0,3.0,44.0,111.0
Shariatpur,2023-07-29,2023,7,29,30.4,76.1,999.9,7.0,36.0,1.0,4.0,8.0,13.0,1.0,2.0,44.0,107.0
Shariatpur,2023-07-30,2023,7,30,31.3,71.0,998.3,9.0,33.0,1.0,7.0,10.0,15.0,1.0,5.0,41.0,137.0
Shariatpur,2023-07-31,2023,7,31,31.5,73.0,997.0,8.0,65.0,3.0,24.0,29.0,42.0,5.0,12.0,59.0,227.0
Shariatpur,2023-08-01,2023,8,1,29.9,79.3,995.2,8.0,87.0,4.0,17.0,21.0,30.0,5.0,6.0,65.0,176.0
Shariatpur,2023-08-02,2023,8,2,28.8,82.5,998.1,4.0,42.0,2.0,4.0,6.0,10.0,2.0,2.0,65.0,151.0
Shariatpur,2023-08-03,2023,8,3,28.9,80.0,1000.2,6.0,37.0,2.0,6.0,12.0,20.0,2.0,3.0,53.0,135.0
Shariatpur,2023-08-04,2023,8,4,28.1,85.2,1003.2,7.0,56.0,2.0,9.0,15.0,25.0,2.0,3.0,53.0,136.0
Shariatpur,2023-08-05,2023,8,5,29.4,78.7,1003.8,7.0,59.0,2.0,8.0,15.0,26.0,1.0,3.0,52.0,141.0
Shariatpur,2023-08-06,2023,8,6,28.4,83.6,1000.7,3.0,59.0,2.0,12.0,19.0,31.0,4.0,4.0,55.0,150.0
Shariatpur,2023-08-07,2023,8,7,27.7,92.1,997.7,4.0,58.0,2.0,10.0,13.0,19.0,6.0,5.0,66.0,202.0
Shariatpur,2023-08-08,2023,8,8,27.8,87.5,1000.0,2.0,69.0,3.0,20.0,27.0,38.0,12.0,9.0,49.0,238.0
Shariatpur,2023-08-09,2023,8,9,28.6,82.5,1003.7,7.0,79.0,4.0,16.0,24.0,37.0,3.0,6.0,62.0,196.0
Shariatpur,2023-08-10,2023,8,10,28.4,83.5,1005.2,7.0,92.0,4.0,26.0,39.0,63.0,6.0,6.0,60.0,214.0
Shariatpur,2023-08-11,2023,8,11,28.4,84.7,1004.6,6.0,116.0,4.0,27.0,44.0,74.0,3.0,5.0,58.0,201.0
Shariatpur,2023-08-12,2023,8,12,29.3,80.7,1002.7,7.0,124.0,4.0,28.0,46.0,77.0,3.0,6.0,59.0,209.0
Shariatpur,2023-08-13,2023,8,13,27.6,91.9,1003.7,6.0,105.0,4.0,17.0,26.0,38.0,4.0,6.0,61.0,224.0
Shariatpur,2023-08-14,2023,8,14,28.2,82.0,1004.4,7.0,84.0,4.0,17.0,25.0,36.0,3.0,6.0,58.0,223.0
Shariatpur,2023-08-15,2023,8,15,29.4,81.1,1004.1,8.0,71.0,3.0,16.0,24.0,34.0,2.0,5.0,58.0,187.0
Shariatpur,2023-08-16,2023,8,16,29.1,84.2,1003.5,6.0,81.0,4.0,20.0,30.0,45.0,3.0,5.0,56.0,185.0
Shariatpur,2023-08-17,2023,8,17,30.5,75.8,1002.8,7.0,88.0,4.0,16.0,23.0,33.0,3.0,7.0,55.0,201.0
Shariatpur,2023-08-18,2023,8,18,31.0,72.0,1003.4,8.0,48.0,2.0,5.0,8.0,11.0,1.0,3.0,51.0,136.0
Shariatpur,2023-08-19,2023,8,19,29.8,77.3,1005.3,8.0,37.0,1.0,5.0,10.0,15.0,1.0,3.0,49.0,129.0
Shariatpur,2023-08-20,2023,8,20,30.8,71.2,1005.6,8.0,54.0,2.0,10.0,18.0,31.0,1.0,5.0,43.0,146.0
Shariatpur,2023-08-21,2023,8,21,30.8,69.6,1004.7,7.0,69.0,3.0,12.0,22.0,41.0,2.0,6.0,42.0,147.0
Shariatpur,2023-08-22,2023,8,22,29.0,80.8,1004.6,4.0,64.0,2.0,9.0,15.0,24.0,1.0,5.0,39.0,144.0
Shariatpur,2023-08-23,2023,8,23,28.8,81.7,1003.5,4.0,51.0,2.0,8.0,11.0,17.0,1.0,4.0,45.0,145.0
Shariatpur,2023-08-24,2023,8,24,28.6,84.8,1000.9,4.0,50.0,2.0,10.0,13.0,19.0,3.0,4.0,57.0,183.0
Shariatpur,2023-08-25,2023,8,25,28.2,85.7,1000.3,4.0,51.0,2.0,11.0,14.0,19.0,5.0,5.0,57.0,204.0
Shariatpur,2023-08-26,2023,8,26,28.6,82.2,1001.6,4.0,65.0,2.0,16.0,21.0,31.0,8.0,7.0,53.0,206.0
Shariatpur,2023-08-27,2023,8,27,29.4,76.7,1001.4,6.0,75.0,3.0,20.0,29.0,51.0,9.0,7.0,68.0,219.0
Shariatpur,2023-08-28,2023,8,28,29.8,76.7,1002.2,8.0,99.0,4.0,25.0,39.0,80.0,6.0,5.0,75.0,225.0
Shariatpur,2023-08-29,2023,8,29,30.1,74.7,1003.1,8.0,129.0,4.0,33.0,59.0,136.0,5.0,10.0,76.0,278.0
Shariatpur,2023-08-30,2023,8,30,31.3,69.3,1004.0,8.0,160.0,6.0,41.0,77.0,164.0,11.0,13.0,93.0,333.0
Shariatpur,2023-08-31,2023,8,31,30.1,79.4,1004.9,6.0,157.0,5.0,33.0,58.0,99.0,2.0,6.0,20.0,162.0
Shariatpur,2023-09-01,2023,9,1,30.0,79.9,1005.1,7.0,136.0,4.0,29.0,47.0,76.0,3.0,4.0,62.0,200.0
Shariatpur,2023-09-02,2023,9,2,30.4,75.1,1003.6,7.0,135.0,4.0,31.0,52.0,86.0,3.0,6.0,63.0,237.0
Shariatpur,2023-09-03,2023,9,3,29.9,77.1,1001.9,8.0,112.0,4.0,14.0,21.0,31.0,2.0,6.0,58.0,221.0
Shariatpur,2023-09-04,2023,9,4,30.0,76.1,1001.9,7.0,53.0,2.0,8.0,11.0,16.0,2.0,6.0,42.0,190.0
Shariatpur,2023-09-05,2023,9,5,30.9,72.8,1001.7,8.0,55.0,2.0,13.0,16.0,23.0,3.0,8.0,58.0,230.0
Shariatpur,2023-09-06,2023,9,6,30.4,75.0,1003.3,7.0,42.0,2.0,5.0,7.0,10.0,1.0,4.0,48.0,150.0
Shariatpur,2023-09-07,2023,9,7,29.7,76.1,1004.1,6.0,27.0,2.0,3.0,5.0,8.0,1.0,3.0,53.0,136.0
Shariatpur,2023-09-08,2023,9,8,28.6,81.5,1005.4,4.0,29.0,2.0,5.0,9.0,13.0,1.0,3.0,49.0,137.0
Shariatpur,2023-09-09,2023,9,9,29.5,77.6,1005.3,8.0,51.0,2.0,10.0,17.0,27.0,1.0,4.0,44.0,147.0
Shariatpur,2023-09-10,2023,9,10,30.2,77.0,1003.1,8.0,64.0,2.0,11.0,17.0,29.0,1.0,4.0,8.0,76.0
Shariatpur,2023-09-11,2023,9,11,29.8,78.7,1002.1,7.0,59.0,2.0,11.0,16.0,23.0,2.0,4.0,36.0,127.0
Shariatpur,2023-09-12,2023,9,12,29.8,79.6,1002.2,7.0,50.0,2.0,7.0,10.0,14.0,1.0,4.0,42.0,141.0
Shariatpur,2023-09-13,2023,9,13,30.1,75.9,1002.7,8.0,32.0,2.0,4.0,6.0,8.0,2.0,4.0,51.0,151.0
Shariatpur,2023-09-14,2023,9,14,29.1,77.2,1004.0,7.0,28.0,2.0,5.0,8.0,13.0,1.0,3.0,57.0,148.0
Shariatpur,2023-09-15,2023,9,15,29.7,76.4,1006.0,5.0,43.0,2.0,6.0,10.0,15.0,1.0,3.0,49.0,133.0
Shariatpur,2023-09-16,2023,9,16,30.2,73.9,1005.4,8.0,48.0,2.0,10.0,15.0,23.0,1.0,5.0,48.0,176.0
Shariatpur,2023-09-17,2023,9,17,30.9,72.5,1003.2,8.0,66.0,2.0,19.0,25.0,38.0,1.0,6.0,24.0,154.0
Shariatpur,2023-09-18,2023,9,18,28.5,80.4,1003.7,6.0,64.0,2.0,7.0,9.0,13.0,1.0,4.0,49.0,167.0
Shariatpur,2023-09-19,2023,9,19,28.2,83.8,1006.0,7.0,27.0,1.0,3.0,5.0,8.0,1.0,3.0,43.0,128.0
Shariatpur,2023-09-20,2023,9,20,27.9,84.5,1006.3,4.0,22.0,1.0,3.0,5.0,7.0,1.0,3.0,46.0,139.0
Shariatpur,2023-09-21,2023,9,21,28.6,83.3,1007.1,5.0,26.0,2.0,4.0,7.0,12.0,1.0,2.0,50.0,127.0
Shariatpur,2023-09-22,2023,9,22,29.0,82.8,1008.1,7.0,38.0,1.0,6.0,10.0,16.0,1.0,3.0,40.0,121.0
Shariatpur,2023-09-23,2023,9,23,28.4,83.1,1008.4,6.0,39.0,1.0,6.0,9.0,13.0,1.0,4.0,38.0,138.0
Shariatpur,2023-09-24,2023,9,24,28.5,80.1,1007.1,7.0,40.0,1.0,7.0,10.0,16.0,1.0,5.0,33.0,164.0
Shariatpur,2023-09-25,2023,9,25,29.3,78.3,1006.4,8.0,45.0,2.0,9.0,12.0,19.0,1.0,6.0,33.0,179.0
Shariatpur,2023-09-26,2023,9,26,29.9,78.0,1006.4,8.0,59.0,2.0,15.0,18.0,27.0,3.0,8.0,48.0,208.0
Shariatpur,2023-09-27,2023,9,27,30.0,77.9,1005.6,7.0,74.0,3.0,25.0,30.0,44.0,9.0,11.0,80.0,258.0
Shariatpur,2023-09-28,2023,9,28,31.3,72.7,1004.3,8.0,100.0,4.0,31.0,37.0,53.0,6.0,10.0,85.0,289.0
Shariatpur,2023-09-29,2023,9,29,30.4,75.2,1003.6,6.0,105.0,4.0,26.0,31.0,44.0,5.0,10.0,51.0,328.0
Shariatpur,2023-09-30,2023,9,30,29.4,77.0,1004.6,6.0,53.0,2.0,4.0,6.0,9.0,1.0,3.0,38.0,136.0
Shariatpur,2023-10-01,2023,10,1,29.8,77.3,1004.2,7.0,24.0,1.0,4.0,6.0,9.0,1.0,2.0,47.0,133.0
Shariatpur,2023-10-02,2023,10,2,29.5,77.2,1005.3,5.0,32.0,1.0,6.0,8.0,12.0,1.0,3.0,53.0,153.0
Shariatpur,2023-10-03,2023,10,3,27.9,82.0,1006.7,2.0,30.0,1.0,4.0,7.0,10.0,1.0,2.0,50.0,135.0
Shariatpur,2023-10-04,2023,10,4,27.4,86.9,1007.1,3.0,28.0,2.0,4.0,7.0,10.0,1.0,2.0,53.0,137.0
Shariatpur,2023-10-05,2023,10,5,27.2,89.9,1004.8,4.0,36.0,2.0,7.0,10.0,15.0,1.0,2.0,53.0,151.0
Shariatpur,2023-10-06,2023,10,6,27.2,91.4,1004.3,4.0,58.0,2.0,16.0,23.0,35.0,2.0,3.0,65.0,197.0
Shariatpur,2023-10-07,2023,10,7,29.0,81.3,1006.3,6.0,73.0,3.0,17.0,22.0,33.0,2.0,4.0,72.0,223.0
Shariatpur,2023-10-08,2023,10,8,29.7,75.5,1007.9,7.0,83.0,4.0,25.0,32.0,47.0,3.0,5.0,72.0,272.0
Shariatpur,2023-10-09,2023,10,9,29.7,75.3,1009.1,6.0,93.0,4.0,26.0,33.0,49.0,2.0,5.0,67.0,248.0
Shariatpur,2023-10-10,2023,10,10,29.5,78.1,1009.4,8.0,118.0,4.0,47.0,61.0,100.0,7.0,11.0,88.0,409.0
Shariatpur,2023-10-11,2023,10,11,29.5,78.9,1009.4,8.0,163.0,6.0,56.0,77.0,132.0,11.0,11.0,92.0,469.0
Shariatpur,2023-10-12,2023,10,12,30.0,74.4,1011.1,7.0,157.0,5.0,46.0,66.0,114.0,7.0,7.0,88.0,355.0
Shariatpur,2023-10-13,2023,10,13,29.6,71.7,1012.3,8.0,142.0,5.0,36.0,50.0,82.0,6.0,13.0,71.0,378.0
Shariatpur,2023-10-14,2023,10,14,29.2,71.7,1011.5,7.0,151.0,5.0,42.0,57.0,92.0,6.0,14.0,73.0,438.0
Shariatpur,2023-10-15,2023,10,15,29.1,71.8,1010.1,8.0,151.0,5.0,46.0,63.0,104.0,11.0,12.0,83.0,447.0
Shariatpur,2023-10-16,2023,10,16,28.5,74.0,1011.0,7.0,159.0,5.0,58.0,78.0,130.0,13.0,14.0,93.0,485.0
Shariatpur,2023-10-17,2023,10,17,28.7,73.5,1011.8,8.0,168.0,6.0,68.0,88.0,142.0,16.0,20.0,99.0,560.0
Shariatpur,2023-10-18,2023,10,18,28.6,71.0,1012.3,8.0,163.0,6.0,58.0,73.0,114.0,8.0,21.0,83.0,570.0
Shariatpur,2023-10-19,2023,10,19,28.2,72.8,1012.9,8.0,157.0,5.0,51.0,62.0,94.0,8.0,24.0,79.0,556.0
Shariatpur,2023-10-20,2023,10,20,28.3,68.6,1013.2,8.0,141.0,5.0,38.0,49.0,75.0,8.0,14.0,87.0,422.0
Shariatpur,2023-10-21,2023,10,21,27.9,68.9,1013.4,8.0,128.0,4.0,35.0,47.0,73.0,8.0,13.0,84.0,389.0
Shariatpur,2023-10-22,2023,10,22,28.2,68.9,1013.4,8.0,132.0,4.0,40.0,50.0,75.0,8.0,15.0,84.0,431.0
Shariatpur,2023-10-23,2023,10,23,26.8,81.2,1012.5,4.0,141.0,5.0,38.0,47.0,68.0,9.0,11.0,73.0,387.0
Shariatpur,2023-10-24,2023,10,24,27.0,78.6,1010.9,4.0,96.0,4.0,16.0,19.0,27.0,4.0,10.0,36.0,289.0
Shariatpur,2023-10-25,2023,10,25,28.1,73.8,1011.2,8.0,68.0,3.0,26.0,31.0,45.0,8.0,12.0,69.0,323.0
Shariatpur,2023-10-26,2023,10,26,27.8,72.9,1012.3,7.0,108.0,4.0,34.0,41.0,58.0,5.0,16.0,74.0,445.0
Shariatpur,2023-10-27,2023,10,27,27.9,70.8,1012.3,7.0,139.0,5.0,47.0,55.0,80.0,11.0,23.0,75.0,521.0
Shariatpur,2023-10-28,2023,10,28,27.3,67.7,1012.6,8.0,145.0,5.0,45.0,56.0,86.0,9.0,15.0,76.0,427.0
Shariatpur,2023-10-29,2023,10,29,27.0,65.5,1012.5,8.0,150.0,5.0,47.0,58.0,87.0,7.0,18.0,73.0,467.0
Shariatpur,2023-10-30,2023,10,30,26.9,72.0,1012.9,8.0,153.0,5.0,49.0,59.0,87.0,11.0,23.0,81.0,536.0
Shariatpur,2023-10-31,2023,10,31,27.2,69.2,1014.0,8.0,156.0,5.0,57.0,68.0,99.0,13.0,19.0,93.0,523.0
Shariatpur,2023-11-01,2023,11,1,28.3,69.3,1014.2,8.0,151.0,5.0,42.0,50.0,73.0,9.0,14.0,83.0,426.0
Shariatpur,2023-11-02,2023,11,2,28.6,66.9,1013.3,7.0,122.0,4.0,38.0,45.0,65.0,9.0,16.0,74.0,442.0
Shariatpur,2023-11-03,2023,11,3,28.1,69.0,1011.7,7.0,149.0,5.0,52.0,61.0,88.0,10.0,25.0,70.0,601.0
Shariatpur,2023-11-04,2023,11,4,28.0,68.4,1011.5,7.0,155.0,5.0,60.0,71.0,104.0,10.0,19.0,75.0,511.0
Shariatpur,2023-11-05,2023,11,5,27.6,70.5,1013.4,7.0,162.0,6.0,66.0,78.0,114.0,14.0,13.0,87.0,450.0
Shariatpur,2023-11-06,2023,11,6,26.8,68.3,1014.1,8.0,156.0,5.0,45.0,57.0,88.0,6.0,11.0,73.0,392.0
Shariatpur,2023-11-07,2023,11,7,26.0,67.3,1013.3,7.0,143.0,5.0,38.0,48.0,73.0,5.0,13.0,68.0,433.0
Shariatpur,2023-11-08,2023,11,8,26.1,68.0,1012.7,7.0,143.0,5.0,46.0,58.0,88.0,5.0,15.0,65.0,480.0
Shariatpur,2023-11-09,2023,11,9,26.3,68.1,1013.4,8.0,154.0,5.0,53.0,65.0,97.0,9.0,21.0,72.0,552.0
Shariatpur,2023-11-10,2023,11,10,25.6,68.4,1014.4,8.0,156.0,5.0,55.0,70.0,107.0,8.0,15.0,82.0,539.0
Shariatpur,2023-11-11,2023,11,11,25.6,68.8,1014.7,7.0,149.0,5.0,38.0,46.0,68.0,6.0,15.0,73.0,459.0
Shariatpur,2023-11-12,2023,11,12,26.0,66.8,1014.8,7.0,115.0,4.0,36.0,42.0,61.0,8.0,19.0,71.0,445.0
Shariatpur,2023-11-13,2023,11,13,26.4,64.6,1014.9,7.0,122.0,4.0,39.0,46.0,67.0,11.0,22.0,73.0,490.0
Shariatpur,2023-11-14,2023,11,14,26.4,67.1,1014.7,7.0,134.0,4.0,41.0,48.0,70.0,10.0,20.0,81.0,494.0
Shariatpur,2023-11-15,2023,11,15,26.4,66.8,1014.9,6.0,127.0,4.0,39.0,46.0,66.0,11.0,15.0,81.0,421.0
Shariatpur,2023-11-16,2023,11,16,25.2,77.3,1015.8,3.0,118.0,4.0,24.0,29.0,42.0,7.0,11.0,37.0,300.0
Shariatpur,2023-11-17,2023,11,17,22.7,89.6,1013.2,1.0,59.0,2.0,10.0,11.0,16.0,4.0,7.0,28.0,194.0
Shariatpur,2023-11-18,2023,11,18,24.5,76.4,1013.9,6.0,48.0,2.0,17.0,20.0,29.0,8.0,13.0,48.0,276.0
Shariatpur,2023-11-19,2023,11,19,25.6,73.4,1014.7,7.0,84.0,4.0,28.0,33.0,47.0,9.0,19.0,52.0,379.0
Shariatpur,2023-11-20,2023,11,20,26.1,72.3,1014.7,5.0,116.0,4.0,35.0,41.0,60.0,9.0,21.0,55.0,431.0
Shariatpur,2024-03-01,2024,3,1,24.3,55.8,1014.6,9.0,158.0,5.0,47.0,62.0,103.0,10.0,15.0,68.0,438.0
Shariatpur,2024-03-02,2024,3,2,23.8,55.8,1013.4,9.0,151.0,5.0,45.0,57.0,86.0,11.0,18.0,77.0,501.0
Shariatpur,2024-03-03,2024,3,3,24.5,58.3,1012.9,9.0,155.0,5.0,52.0,65.0,103.0,9.0,14.0,80.0,496.0
Shariatpur,2024-03-04,2024,3,4,23.8,67.1,1012.9,7.0,155.0,5.0,50.0,65.0,102.0,10.0,12.0,73.0,422.0
Shariatpur,2024-03-05,2024,3,5,25.0,60.8,1012.8,9.0,155.0,5.0,47.0,62.0,98.0,9.0,11.0,71.0,417.0
Shariatpur,2024-03-06,2024,3,6,23.4,54.6,1013.1,9.0,150.0,5.0,42.0,53.0,78.0,5.0,14.0,29.0,347.0
Shariatpur,2024-03-07,2024,3,7,23.2,51.2,1012.5,9.0,142.0,5.0,44.0,54.0,78.0,10.0,18.0,72.0,464.0
Shariatpur,2024-03-08,2024,3,8,23.5,52.4,1012.8,9.0,146.0,5.0,42.0,52.0,79.0,10.0,15.0,79.0,428.0
Shariatpur,2024-03-09,2024,3,9,23.7,49.5,1013.4,9.0,130.0,4.0,32.0,41.0,64.0,8.0,14.0,72.0,381.0
Shariatpur,2024-03-10,2024,3,10,23.8,46.0,1014.9,9.0,107.0,4.0,31.0,38.0,57.0,8.0,13.0,79.0,354.0
Shariatpur,2024-03-11,2024,3,11,24.7,50.2,1014.1,9.0,106.0,4.0,31.0,38.0,56.0,7.0,9.0,90.0,351.0
Shariatpur,2024-03-12,2024,3,12,26.1,58.4,1012.1,9.0,115.0,4.0,38.0,48.0,72.0,8.0,8.0,85.0,381.0
Shariatpur,2024-03-13,2024,3,13,27.9,61.3,1011.9,9.0,119.0,4.0,31.0,41.0,65.0,5.0,4.0,73.0,250.0
Shariatpur,2024-03-14,2024,3,14,26.6,78.4,1011.8,6.0,120.0,4.0,32.0,43.0,69.0,3.0,4.0,60.0,237.0
Shariatpur,2024-03-15,2024,3,15,27.5,67.4,1012.2,9.0,116.0,4.0,33.0,44.0,71.0,3.0,9.0,57.0,301.0
Shariatpur,2024-03-16,2024,3,16,27.9,69.3,1013.5,9.0,142.0,5.0,44.0,59.0,95.0,3.0,11.0,21.0,303.0
Shariatpur,2024-03-17,2024,3,17,27.3,62.3,1013.1,9.0,159.0,5.0,60.0,80.0,128.0,9.0,13.0,86.0,445.0
Shariatpur,2024-03-18,2024,3,18,27.7,63.6,1012.1,9.0,162.0,6.0,62.0,81.0,129.0,13.0,15.0,93.0,509.0
Shariatpur,2024-03-19,2024,3,19,26.3,69.3,1012.5,5.0,171.0,6.0,77.0,100.0,159.0,14.0,14.0,93.0,564.0
Shariatpur,2024-03-20,2024,3,20,23.5,76.3,1013.8,7.0,165.0,6.0,53.0,68.0,105.0,9.0,6.0,78.0,303.0
Shariatpur,2024-03-21,2024,3,21,22.6,77.2,1013.9,7.0,149.0,5.0,35.0,46.0,69.0,4.0,3.0,69.0,214.0
Shariatpur,2024-03-22,2024,3,22,23.3,72.2,1010.7,8.0,104.0,4.0,30.0,38.0,57.0,5.0,8.0,70.0,289.0
Shariatpur,2024-03-23,2024,3,23,25.5,68.7,1009.3,9.0,100.0,4.0,25.0,33.0,51.0,4.0,3.0,70.0,240.0
Shariatpur,2024-03-24,2024,3,24,25.2,78.5,1011.2,8.0,88.0,4.0,20.0,27.0,43.0,3.0,3.0,63.0,207.0
Shariatpur,2024-03-25,2024,3,25,26.4,76.8,1011.4,9.0,82.0,4.0,24.0,32.0,51.0,3.0,4.0,56.0,217.0
Shariatpur,2024-03-26,2024,3,26,26.9,67.5,1012.3,9.0,114.0,4.0,36.0,47.0,74.0,6.0,7.0,61.0,286.0
Shariatpur,2024-03-27,2024,3,27,27.1,73.4,1013.3,9.0,116.0,4.0,28.0,37.0,59.0,4.0,7.0,60.0,236.0
Shariatpur,2024-03-28,2024,3,28,26.2,75.1,1010.9,7.0,118.0,4.0,34.0,45.0,70.0,6.0,6.0,60.0,258.0
Shariatpur,2024-03-29,2024,3,29,26.8,77.2,1009.6,8.0,119.0,4.0,28.0,39.0,63.0,3.0,5.0,53.0,242.0
Shariatpur,2024-03-30,2024,3,30,29.3,77.9,1009.8,8.0,88.0,4.0,21.0,29.0,47.0,3.0,3.0,54.0,189.0
Shariatpur,2024-03-31,2024,3,31,27.5,73.9,1009.5,9.0,84.0,4.0,19.0,25.0,40.0,4.0,3.0,63.0,196.0
Shariatpur,2024-04-01,2024,4,1,30.2,63.1,1005.3,9.0,94.0,4.0,27.0,36.0,59.0,6.0,3.0,80.0,235.0
Shariatpur,2024-04-02,2024,4,2,29.9,67.8,1005.9,9.0,90.0,4.0,19.0,26.0,42.0,3.0,3.0,61.0,208.0
Shariatpur,2024-04-03,2024,4,3,30.5,70.4,1007.3,9.0,81.0,4.0,23.0,32.0,53.0,5.0,3.0,68.0,223.0
Shariatpur,2024-04-04,2024,4,4,30.2,73.3,1008.1,9.0,92.0,4.0,23.0,31.0,53.0,3.0,3.0,56.0,192.0
Shariatpur,2024-04-05,2024,4,5,29.5,79.8,1005.9,7.0,91.0,4.0,22.0,31.0,51.0,2.0,3.0,55.0,178.0
Shariatpur,2024-04-06,2024,4,6,31.0,70.5,1005.8,9.0,90.0,4.0,25.0,34.0,55.0,3.0,3.0,59.0,197.0
Shariatpur,2024-04-07,2024,4,7,28.5,75.4,1007.1,7.0,106.0,4.0,33.0,45.0,76.0,5.0,6.0,61.0,235.0
Shariatpur,2024-04-08,2024,4,8,27.3,67.3,1009.8,10.0,155.0,5.0,52.0,72.0,118.0,6.0,10.0,71.0,352.0
Shariatpur,2024-04-09,2024,4,9,28.2,58.0,1010.1,9.0,154.0,5.0,47.0,61.0,97.0,9.0,15.0,84.0,447.0
Shariatpur,2024-04-10,2024,4,10,28.7,68.2,1010.4,9.0,160.0,6.0,58.0,75.0,121.0,11.0,17.0,97.0,529.0
Shariatpur,2024-04-11,2024,4,11,29.3,63.8,1011.4,9.0,157.0,5.0,53.0,68.0,109.0,7.0,10.0,49.0,296.0
Shariatpur,2024-04-12,2024,4,12,30.5,55.1,1011.0,9.0,159.0,5.0,51.0,66.0,107.0,8.0,12.0,79.0,363.0
Shariatpur,2024-04-13,2024,4,13,30.3,55.9,1010.4,10.0,157.0,5.0,57.0,72.0,112.0,9.0,15.0,98.0,466.0
Shariatpur,2024-04-14,2024,4,14,30.4,57.5,1010.3,9.0,160.0,5.0,58.0,72.0,113.0,11.0,13.0,104.0,469.0
Shariatpur,2024-04-15,2024,4,15,31.5,51.9,1009.5,9.0,159.0,5.0,59.0,74.0,114.0,10.0,13.0,98.0,506.0
Shariatpur,2024-04-16,2024,4,16,30.1,62.9,1007.0,9.0,155.0,5.0,41.0,53.0,83.0,6.0,9.0,74.0,380.0
Shariatpur,2024-04-17,2024,4,17,29.7,73.3,1005.4,9.0,120.0,4.0,27.0,35.0,57.0,5.0,4.0,71.0,265.0
Shariatpur,2024-04-18,2024,4,18,30.2,71.4,1005.1,9.0,91.0,4.0,25.0,33.0,54.0,3.0,4.0,56.0,227.0
Shariatpur,2024-04-19,2024,4,19,32.3,66.3,1002.1,9.0,96.0,4.0,22.0,31.0,61.0,5.0,3.0,76.0,218.0
Shariatpur,2024-04-20,2024,4,20,33.0,62.5,1001.5,10.0,84.0,4.0,16.0,23.0,45.0,3.0,3.0,72.0,171.0
Shariatpur,2024-04-21,2024,4,21,32.3,69.7,1003.1,10.0,68.0,3.0,15.0,21.0,38.0,3.0,3.0,64.0,161.0
Shariatpur,2024-04-22,2024,4,22,32.4,69.7,1004.9,9.0,77.0,3.0,19.0,28.0,52.0,3.0,4.0,73.0,182.0
Shariatpur,2024-04-23,2024,4,23,32.5,65.5,1004.5,9.0,90.0,4.0,24.0,32.0,51.0,6.0,4.0,84.0,230.0
Shariatpur,2024-04-24,2024,4,24,32.9,55.9,1003.8,10.0,92.0,4.0,23.0,31.0,50.0,5.0,4.0,89.0,227.0
Shariatpur,2024-04-25,2024,4,25,32.8,61.6,1004.6,10.0,88.0,4.0,22.0,29.0,46.0,4.0,4.0,75.0,227.0
Shariatpur,2024-04-26,2024,4,26,32.5,69.1,1004.6,10.0,81.0,4.0,20.0,26.0,43.0,4.0,4.0,70.0,207.0
Shariatpur,2024-04-27,2024,4,27,32.1,70.7,1004.8,10.0,81.0,4.0,18.0,24.0,39.0,3.0,4.0,72.0,195.0
Shariatpur,2024-04-28,2024,4,28,32.8,70.7,1004.5,10.0,77.0,3.0,22.0,29.0,50.0,4.0,4.0,71.0,186.0
Shariatpur,2024-04-29,2024,4,29,33.4,65.0,1005.0,10.0,92.0,4.0,23.0,30.0,50.0,5.0,3.0,72.0,188.0
Shariatpur,2024-04-30,2024,4,30,32.9,69.3,1001.5,10.0,92.0,4.0,24.0,31.0,49.0,6.0,3.0,72.0,190.0
Shariatpur,2024-05-01,2024,5,1,33.6,59.4,1000.2,10.0,76.0,3.0,15.0,20.0,35.0,4.0,3.0,73.0,171.0
Shariatpur,2024-05-02,2024,5,2,32.8,62.5,1000.9,8.0,65.0,2.0,15.0,20.0,32.0,3.0,3.0,60.0,153.0
Shariatpur,2024-05-03,2024,5,3,31.0,65.6,1004.8,9.0,66.0,3.0,12.0,16.0,28.0,2.0,4.0,48.0,144.0
Shariatpur,2024-05-04,2024,5,4,31.7,67.8,1005.8,9.0,65.0,3.0,16.0,23.0,40.0,2.0,4.0,67.0,163.0
Shariatpur,2024-05-05,2024,5,5,30.3,71.3,1003.6,10.0,74.0,3.0,17.0,23.0,39.0,1.0,3.0,51.0,123.0
Shariatpur,2024-05-06,2024,5,6,25.2,80.7,1006.7,8.0,72.0,3.0,15.0,21.0,34.0,2.0,4.0,47.0,140.0
Shariatpur,2024-05-07,2024,5,7,26.6,71.4,1010.1,6.0,71.0,3.0,21.0,27.0,42.0,3.0,7.0,51.0,187.0
Shariatpur,2024-05-08,2024,5,8,26.7,75.8,1009.6,8.0,106.0,4.0,30.0,38.0,58.0,6.0,12.0,63.0,296.0
Shariatpur,2024-05-09,2024,5,9,28.0,70.8,1009.0,9.0,102.0,4.0,31.0,39.0,60.0,4.0,14.0,45.0,269.0
Shariatpur,2024-05-10,2024,5,10,28.8,64.6,1009.4,9.0,124.0,4.0,36.0,46.0,72.0,6.0,10.0,65.0,266.0
Shariatpur,2024-05-11,2024,5,11,26.8,81.3,1010.5,6.0,101.0,4.0,21.0,27.0,42.0,3.0,11.0,41.0,230.0
Shariatpur,2024-05-12,2024,5,12,27.4,76.3,1010.4,8.0,78.0,3.0,18.0,23.0,35.0,2.0,8.0,46.0,207.0
Shariatpur,2024-05-13,2024,5,13,29.5,71.5,1009.2,9.0,72.0,3.0,19.0,23.0,36.0,3.0,9.0,49.0,224.0
Shariatpur,2024-05-14,2024,5,14,30.7,70.7,1008.8,9.0,86.0,4.0,26.0,33.0,53.0,5.0,9.0,59.0,226.0
Shariatpur,2024-05-15,2024,5,15,31.3,68.9,1009.5,9.0,93.0,4.0,27.0,35.0,60.0,3.0,10.0,36.0,209.0
Shariatpur,2024-05-16,2024,5,16,32.1,66.0,1008.5,9.0,98.0,4.0,22.0,30.0,52.0,3.0,11.0,41.0,243.0
Shariatpur,2024-05-17,2024,5,17,31.9,71.6,1006.4,9.0,81.0,4.0,19.0,24.0,39.0,3.0,7.0,50.0,198.0
Shariatpur,2024-05-18,2024,5,18,28.8,80.7,1005.6,9.0,67.0,3.0,16.0,21.0,33.0,3.0,5.0,52.0,169.0
Shariatpur,2024-05-19,2024,5,19,29.1,81.6,1004.2,7.0,73.0,3.0,15.0,18.0,28.0,3.0,5.0,40.0,162.0
Shariatpur,2024-05-20,2024,5,20,27.6,83.5,1005.0,7.0,59.0,2.0,11.0,14.0,22.0,2.0,6.0,32.0,154.0
Shariatpur,2024-05-21,2024,5,21,30.0,72.8,1005.2,9.0,62.0,2.0,18.0,23.0,37.0,4.0,7.0,51.0,179.0
Shariatpur,2024-05-22,2024,5,22,30.6,76.3,1005.1,8.0,77.0,3.0,18.0,23.0,35.0,3.0,11.0,35.0,222.0
Shariatpur,2024-05-23,2024,5,23,31.6,70.6,1003.2,9.0,85.0,4.0,28.0,35.0,54.0,3.0,14.0,46.0,289.0
Shariatpur,2024-05-24,2024,5,24,32.8,64.8,1001.5,9.0,105.0,4.0,32.0,40.0,61.0,3.0,11.0,63.0,283.0
Shariatpur,2024-05-25,2024,5,25,32.4,69.4,999.6,8.0,91.0,4.0,16.0,20.0,29.0,1.0,4.0,24.0,121.0
Shariatpur,2024-05-26,2024,5,26,29.6,79.0,998.4,6.0,53.0,2.0,7.0,9.0,13.0,2.0,4.0,45.0,144.0
Shariatpur,2024-05-27,2024,5,27,26.8,92.3,989.5,1.0,45.0,2.0,9.0,14.0,21.0,3.0,3.0,71.0,174.0
Shariatpur,2024-05-28,2024,5,28,28.7,84.5,995.4,7.0,63.0,2.0,17.0,24.0,38.0,5.0,4.0,69.0,198.0
Shariatpur,2024-05-29,2024,5,29,31.1,83.6,999.1,7.0,78.0,4.0,13.0,23.0,41.0,1.0,2.0,62.0,144.0
Shariatpur,2024-05-30,2024,5,30,31.3,81.4,1002.0,8.0,72.0,3.0,13.0,23.0,42.0,1.0,2.0,54.0,139.0
Shariatpur,2024-05-31,2024,5,31,30.2,77.2,1003.3,7.0,72.0,3.0,13.0,21.0,39.0,1.0,3.0,50.0,141.0
Shariatpur,2024-06-01,2024,6,1,31.4,76.8,1004.2,7.0,66.0,2.0,11.0,19.0,37.0,1.0,3.0,41.0,137.0
Shariatpur,2024-06-02,2024,6,2,31.6,76.1,1004.9,8.0,73.0,3.0,14.0,24.0,45.0,1.0,3.0,36.0,138.0
Shariatpur,2024-06-03,2024,6,3,30.3,78.6,1004.3,8.0,71.0,3.0,12.0,20.0,34.0,1.0,3.0,43.0,144.0
Shariatpur,2024-06-04,2024,6,4,29.5,81.6,1004.8,8.0,64.0,2.0,9.0,16.0,27.0,1.0,3.0,42.0,135.0
Shariatpur,2024-06-05,2024,6,5,30.3,79.4,1004.7,9.0,58.0,2.0,11.0,17.0,29.0,1.0,4.0,42.0,149.0
Shariatpur,2024-06-06,2024,6,6,29.8,81.0,1005.0,8.0,83.0,3.0,30.0,43.0,73.0,2.0,4.0,70.0,219.0
Shariatpur,2024-06-07,2024,6,7,30.0,83.0,1002.9,7.0,130.0,4.0,30.0,43.0,75.0,3.0,4.0,74.0,219.0
Shariatpur,2024-06-08,2024,6,8,30.6,79.8,1002.0,7.0,102.0,4.0,18.0,27.0,45.0,2.0,3.0,69.0,173.0
Shariatpur,2024-06-09,2024,6,9,30.4,85.3,1001.3,6.0,72.0,3.0,15.0,23.0,41.0,2.0,3.0,68.0,155.0
Shariatpur,2024-06-10,2024,6,10,28.9,83.9,1002.2,8.0,79.0,4.0,18.0,26.0,45.0,2.0,3.0,67.0,159.0
Shariatpur,2024-06-11,2024,6,11,31.3,78.6,1001.9,8.0,71.0,3.0,9.0,16.0,28.0,1.0,3.0,51.0,140.0
Shariatpur,2024-06-12,2024,6,12,31.3,80.1,1002.4,6.0,60.0,2.0,9.0,15.0,26.0,1.0,3.0,48.0,142.0
Shariatpur,2024-06-13,2024,6,13,29.8,83.2,1001.6,7.0,57.0,2.0,12.0,20.0,37.0,1.0,3.0,59.0,151.0
Shariatpur,2024-06-14,2024,6,14,29.0,86.7,1000.5,5.0,95.0,4.0,23.0,40.0,70.0,2.0,2.0,73.0,180.0
Shariatpur,2024-06-15,2024,6,15,30.4,85.0,1000.6,7.0,112.0,4.0,21.0,38.0,68.0,1.0,2.0,70.0,166.0
Shariatpur,2024-06-16,2024,6,16,30.9,79.2,1001.9,7.0,101.0,4.0,20.0,35.0,64.0,1.0,2.0,60.0,155.0
Shariatpur,2024-06-17,2024,6,17,31.2,79.8,1002.1,8.0,93.0,4.0,18.0,30.0,53.0,2.0,2.0,60.0,152.0
Shariatpur,2024-06-18,2024,6,18,30.1,83.4,1000.3,6.0,88.0,4.0,18.0,29.0,51.0,1.0,2.0,56.0,143.0
Shariatpur,2024-06-19,2024,6,19,28.1,84.5,999.8,3.0,82.0,4.0,14.0,22.0,36.0,1.0,2.0,36.0,106.0
Shariatpur,2024-06-20,2024,6,20,27.1,88.0,1000.6,6.0,63.0,2.0,11.0,17.0,28.0,1.0,3.0,55.0,149.0
Shariatpur,2024-06-21,2024,6,21,29.2,82.6,1001.1,6.0,64.0,2.0,15.0,21.0,34.0,2.0,3.0,62.0,165.0
Shariatpur,2024-06-22,2024,6,22,29.2,85.8,1001.1,6.0,71.0,3.0,15.0,21.0,31.0,1.0,4.0,46.0,161.0
Shariatpur,2024-06-23,2024,6,23,30.6,79.3,1001.9,7.0,66.0,3.0,10.0,16.0,24.0,1.0,5.0,39.0,160.0
Shariatpur,2024-06-24,2024,6,24,30.9,79.0,1001.0,7.0,55.0,2.0,9.0,15.0,23.0,1.0,4.0,41.0,141.0
Shariatpur,2024-06-25,2024,6,25,31.0,75.8,1000.5,7.0,56.0,2.0,8.0,15.0,26.0,1.0,3.0,39.0,132.0
Shariatpur,2024-06-26,2024,6,26,30.0,83.5,1001.3,5.0,58.0,2.0,9.0,15.0,23.0,1.0,4.0,34.0,125.0
Shariatpur,2024-06-27,2024,6,27,30.2,81.1,1003.1,7.0,47.0,2.0,5.0,8.0,12.0,1.0,3.0,35.0,112.0
Shariatpur,2024-06-28,2024,6,28,28.9,87.6,1001.5,6.0,29.0,1.0,3.0,7.0,12.0,1.0,2.0,41.0,100.0
Shariatpur,2024-06-29,2024,6,29,28.9,89.1,1000.4,6.0,32.0,1.0,4.0,8.0,12.0,1.0,2.0,48.0,109.0
Shariatpur,2024-06-30,2024,6,30,28.3,90.0,1000.3,5.0,34.0,1.0,5.0,8.0,12.0,1.0,3.0,47.0,125.0
Shariatpur,2024-07-01,2024,7,1,28.1,93.0,999.5,4.0,37.0,2.0,7.0,10.0,15.0,4.0,4.0,50.0,148.0
Shariatpur,2024-07-02,2024,7,2,27.8,93.5,998.9,4.0,47.0,2.0,9.0,13.0,18.0,3.0,4.0,47.0,153.0
Shariatpur,2024-07-03,2024,7,3,27.8,89.7,1000.5,4.0,56.0,2.0,10.0,14.0,20.0,4.0,4.0,49.0,158.0
Shariatpur,2024-07-04,2024,7,4,28.2,90.0,1002.6,5.0,41.0,2.0,5.0,8.0,12.0,1.0,2.0,40.0,108.0
Shariatpur,2024-07-05,2024,7,5,28.0,88.4,1002.4,3.0,34.0,1.0,5.0,8.0,12.0,1.0,3.0,46.0,125.0
Shariatpur,2024-07-06,2024,7,6,29.2,85.1,1001.9,8.0,40.0,2.0,7.0,12.0,20.0,1.0,3.0,37.0,117.0
Shariatpur,2024-07-07,2024,7,7,30.0,79.8,1003.4,7.0,50.0,2.0,7.0,12.0,21.0,1.0,4.0,31.0,127.0
Shariatpur,2024-07-08,2024,7,8,29.9,81.8,1003.9,7.0,51.0,2.0,6.0,11.0,17.0,1.0,4.0,29.0,126.0
Shariatpur,2024-07-09,2024,7,9,29.7,83.3,1004.6,6.0,40.0,2.0,5.0,9.0,14.0,1.0,3.0,35.0,116.0
Shariatpur,2024-07-10,2024,7,10,30.1,82.3,1004.9,7.0,43.0,2.0,6.0,11.0,18.0,1.0,3.0,39.0,121.0
Shariatpur,2024-07-11,2024,7,11,29.2,87.0,1002.2,7.0,52.0,2.0,9.0,15.0,23.0,1.0,3.0,43.0,126.0
Shariatpur,2024-07-12,2024,7,12,28.0,90.4,1000.3,4.0,56.0,2.0,8.0,12.0,19.0,1.0,3.0,46.0,132.0
Shariatpur,2024-07-13,2024,7,13,29.2,86.6,998.9,7.0,52.0,2.0,9.0,13.0,20.0,2.0,3.0,46.0,140.0
Shariatpur,2024-07-14,2024,7,14,30.2,81.3,998.8,7.0,49.0,2.0,6.0,10.0,16.0,1.0,3.0,35.0,122.0
Shariatpur,2024-07-15,2024,7,15,30.7,78.3,1001.0,8.0,38.0,1.0,5.0,8.0,12.0,1.0,3.0,39.0,117.0
Shariatpur,2024-07-16,2024,7,16,30.2,81.6,1002.0,6.0,30.0,1.0,4.0,7.0,11.0,1.0,3.0,34.0,105.0
Shariatpur,2024-07-17,2024,7,17,30.9,79.0,1001.4,7.0,30.0,1.0,5.0,8.0,13.0,1.0,4.0,32.0,117.0
Shariatpur,2024-07-18,2024,7,18,32.3,72.4,999.7,8.0,44.0,2.0,9.0,12.0,18.0,1.0,4.0,41.0,131.0
Shariatpur,2024-07-19,2024,7,19,31.3,74.1,998.6,8.0,42.0,2.0,4.0,7.0,11.0,1.0,3.0,42.0,107.0
Shariatpur,2024-07-20,2024,7,20,30.6,75.2,999.8,7.0,25.0,1.0,3.0,6.0,10.0,1.0,2.0,42.0,95.0
Shariatpur,2024-07-21,2024,7,21,29.8,80.5,1000.3,8.0,29.0,1.0,3.0,7.0,11.0,1.0,2.0,44.0,102.0
Shariatpur,2024-07-22,2024,7,22,29.0,85.8,1000.8,5.0,31.0,1.0,4.0,8.0,13.0,1.0,2.0,45.0,104.0
Shariatpur,2024-07-23,2024,7,23,28.9,87.4,998.8,6.0,30.0,1.0,3.0,7.0,11.0,1.0,2.0,46.0,104.0
Shariatpur,2024-07-24,2024,7,24,29.5,86.9,995.2,6.0,37.0,2.0,7.0,11.0,16.0,2.0,3.0,54.0,141.0
Shariatpur,2024-07-25,2024,7,25,30.4,80.5,993.1,7.0,46.0,2.0,7.0,10.0,15.0,1.0,3.0,55.0,136.0
Shariatpur,2024-07-26,2024,7,26,30.4,79.3,993.2,6.0,37.0,2.0,6.0,8.0,12.0,2.0,3.0,53.0,137.0
Shariatpur,2024-07-27,2024,7,27,31.0,77.4,997.0,6.0,29.0,2.0,4.0,7.0,11.0,1.0,2.0,52.0,120.0
Shariatpur,2024-07-28,2024,7,28,30.8,77.1,998.4,7.0,39.0,1.0,5.0,9.0,13.0,1.0,3.0,48.0,119.0
Shariatpur,2024-07-29,2024,7,29,29.8,82.3,998.7,6.0,30.0,1.0,4.0,7.0,11.0,1.0,3.0,45.0,117.0
Shariatpur,2024-07-30,2024,7,30,29.2,85.9,1000.6,6.0,37.0,2.0,6.0,10.0,16.0,1.0,3.0,48.0,135.0
Shariatpur,2024-07-31,2024,7,31,29.5,86.1,1000.6,4.0,43.0,2.0,7.0,10.0,15.0,2.0,4.0,43.0,150.0
Shariatpur,2024-08-01,2024,8,1,27.1,92.9,998.9,5.0,45.0,2.0,6.0,10.0,14.0,2.0,4.0,44.0,149.0
Shariatpur,2024-08-02,2024,8,2,26.6,93.9,1001.0,5.0,48.0,2.0,7.0,15.0,25.0,1.0,2.0,46.0,125.0
Shariatpur,2024-08-03,2024,8,3,27.6,91.7,1004.0,3.0,52.0,2.0,6.0,10.0,16.0,1.0,2.0,43.0,118.0
Shariatpur,2024-08-04,2024,8,4,28.8,85.2,1005.2,7.0,44.0,2.0,7.0,11.0,16.0,1.0,3.0,44.0,123.0
Shariatpur,2024-08-05,2024,8,5,28.6,87.4,1004.4,8.0,50.0,2.0,9.0,13.0,20.0,1.0,4.0,39.0,133.0
Shariatpur,2024-08-06,2024,8,6,29.1,84.2,1003.0,6.0,46.0,2.0,6.0,9.0,14.0,1.0,4.0,36.0,132.0
Shariatpur,2024-08-07,2024,8,7,29.1,84.6,1003.3,6.0,36.0,1.0,5.0,8.0,13.0,1.0,3.0,38.0,120.0
Shariatpur,2024-08-08,2024,8,8,28.7,86.0,1005.1,5.0,38.0,1.0,5.0,10.0,15.0,1.0,3.0,38.0,129.0
Shariatpur,2024-08-09,2024,8,9,28.6,85.8,1006.0,6.0,41.0,1.0,6.0,11.0,16.0,1.0,3.0,36.0,128.0
Shariatpur,2024-08-10,2024,8,10,28.8,86.6,1004.9,4.0,56.0,2.0,10.0,18.0,28.0,1.0,4.0,39.0,141.0
Shariatpur,2024-08-11,2024,8,11,28.7,88.0,1003.8,6.0,63.0,2.0,11.0,17.0,25.0,1.0,4.0,47.0,154.0
Shariatpur,2024-08-12,2024,8,12,28.8,88.5,1003.9,8.0,63.0,2.0,12.0,19.0,30.0,1.0,5.0,40.0,155.0
Shariatpur,2024-08-13,2024,8,13,29.6,86.8,1004.4,6.0,64.0,2.0,12.0,17.0,25.0,1.0,4.0,40.0,153.0
Shariatpur,2024-08-14,2024,8,14,30.4,81.5,1004.1,7.0,58.0,2.0,10.0,14.0,21.0,2.0,5.0,41.0,156.0
Shariatpur,2024-08-15,2024,8,15,30.3,81.0,1003.3,7.0,51.0,2.0,8.0,12.0,16.0,1.0,4.0,43.0,157.0
Shariatpur,2024-08-16,2024,8,16,28.6,85.6,1002.6,3.0,42.0,2.0,7.0,9.0,13.0,3.0,5.0,36.0,150.0
Shariatpur,2024-08-17,2024,8,17,27.8,84.3,1002.9,7.0,37.0,2.0,9.0,12.0,17.0,4.0,7.0,44.0,154.0
Shariatpur,2024-08-18,2024,8,18,27.6,90.2,1003.0,6.0,58.0,2.0,12.0,15.0,22.0,2.0,4.0,53.0,168.0
Shariatpur,2024-08-19,2024,8,19,26.8,91.9,1002.3,2.0,55.0,2.0,11.0,15.0,21.0,4.0,4.0,56.0,204.0
Shariatpur,2024-08-20,2024,8,20,28.4,87.4,1003.3,3.0,60.0,2.0,13.0,17.0,24.0,3.0,5.0,49.0,188.0
Shariatpur,2024-08-21,2024,8,21,27.5,94.7,1004.7,2.0,50.0,2.0,7.0,10.0,14.0,2.0,4.0,42.0,143.0
Shariatpur,2024-08-22,2024,8,22,27.1,94.7,1004.2,3.0,47.0,2.0,9.0,12.0,18.0,3.0,4.0,40.0,145.0
Shariatpur,2024-08-23,2024,8,23,28.1,89.0,1005.3,4.0,37.0,2.0,5.0,6.0,9.0,1.0,3.0,34.0,119.0
Shariatpur,2024-08-24,2024,8,24,28.8,82.8,1005.3,7.0,28.0,1.0,5.0,7.0,11.0,1.0,4.0,40.0,137.0
Shariatpur,2024-08-25,2024,8,25,27.0,90.9,1002.8,2.0,33.0,1.0,6.0,8.0,11.0,2.0,5.0,37.0,149.0
Shariatpur,2024-08-26,2024,8,26,26.9,91.0,1003.4,4.0,32.0,1.0,6.0,8.0,12.0,2.0,4.0,39.0,139.0
Shariatpur,2024-08-27,2024,8,27,28.2,87.2,1005.7,7.0,37.0,1.0,6.0,9.0,14.0,1.0,4.0,35.0,138.0
Shariatpur,2024-08-28,2024,8,28,28.9,86.4,1005.1,8.0,52.0,2.0,10.0,15.0,22.0,2.0,6.0,31.0,167.0
Shariatpur,2024-08-29,2024,8,29,30.5,78.1,1004.2,8.0,54.0,2.0,9.0,12.0,19.0,1.0,6.0,34.0,165.0
Shariatpur,2024-08-30,2024,8,30,30.5,78.1,1004.4,8.0,50.0,2.0,9.0,11.0,16.0,2.0,5.0,41.0,155.0
Shariatpur,2024-08-31,2024,8,31,30.2,79.7,1005.2,8.0,35.0,1.0,4.0,7.0,11.0,1.0,3.0,36.0,120.0
Shariatpur,2024-09-01,2024,9,1,29.4,84.1,1006.5,7.0,36.0,1.0,6.0,10.0,16.0,1.0,4.0,33.0,135.0
Shariatpur,2024-09-02,2024,9,2,29.6,84.5,1006.4,8.0,46.0,2.0,8.0,11.0,17.0,1.0,6.0,35.0,160.0
Shariatpur,2024-09-03,2024,9,3,28.3,88.2,1006.6,6.0,52.0,2.0,10.0,14.0,20.0,2.0,6.0,35.0,169.0
Shariatpur,2024-09-04,2024,9,4,29.9,83.0,1004.0,7.0,54.0,2.0,10.0,13.0,19.0,2.0,6.0,33.0,171.0
Shariatpur,2024-09-05,2024,9,5,29.6,86.3,1002.7,7.0,53.0,2.0,10.0,14.0,22.0,2.0,6.0,31.0,178.0
Shariatpur,2024-09-06,2024,9,6,29.6,82.6,1003.1,8.0,57.0,2.0,13.0,16.0,24.0,3.0,7.0,49.0,186.0
Shariatpur,2024-09-07,2024,9,7,30.6,82.7,1002.8,7.0,59.0,2.0,14.0,17.0,25.0,4.0,5.0,63.0,177.0
Shariatpur,2024-09-08,2024,9,8,30.8,78.0,1003.3,8.0,53.0,2.0,6.0,9.0,13.0,1.0,3.0,44.0,129.0
Shariatpur,2024-09-09,2024,9,9,30.4,78.7,1002.1,7.0,33.0,1.0,4.0,8.0,13.0,1.0,3.0,45.0,124.0
Shariatpur,2024-09-10,2024,9,10,29.6,84.6,1002.2,8.0,39.0,2.0,6.0,11.0,17.0,1.0,3.0,46.0,127.0
Shariatpur,2024-09-11,2024,9,11,30.6,82.9,1002.4,8.0,47.0,2.0,8.0,12.0,19.0,1.0,5.0,44.0,160.0
Shariatpur,2024-09-12,2024,9,12,31.0,79.6,1001.0,8.0,69.0,3.0,22.0,27.0,40.0,5.0,11.0,66.0,258.0
Shariatpur,2024-09-13,2024,9,13,30.2,76.2,998.5,6.0,83.0,4.0,19.0,23.0,33.0,6.0,8.0,65.0,237.0
Shariatpur,2024-09-14,2024,9,14,26.0,93.1,998.2,2.0,51.0,2.0,6.0,8.0,11.0,2.0,3.0,58.0,167.0
Shariatpur,2024-09-15,2024,9,15,26.3,94.6,999.4,1.0,36.0,2.0,7.0,13.0,19.0,1.0,2.0,64.0,144.0
Shariatpur,2024-09-16,2024,9,16,28.2,86.7,1002.9,7.0,61.0,2.0,11.0,20.0,31.0,1.0,2.0,57.0,144.0
Shariatpur,2024-09-17,2024,9,17,29.7,82.4,1005.2,8.0,68.0,3.0,14.0,22.0,35.0,1.0,6.0,46.0,181.0
Shariatpur,2024-09-18,2024,9,18,30.8,80.1,1004.0,8.0,81.0,4.0,23.0,32.0,50.0,3.0,9.0,57.0,238.0
Shariatpur,2024-09-19,2024,9,19,31.6,80.1,1003.1,9.0,106.0,4.0,31.0,39.0,58.0,4.0,9.0,82.0,274.0
Shariatpur,2024-09-20,2024,9,20,32.6,77.6,1003.1,8.0,128.0,4.0,41.0,50.0,72.0,6.0,11.0,93.0,362.0
Shariatpur,2024-09-21,2024,9,21,28.6,81.9,1004.5,6.0,133.0,4.0,44.0,52.0,75.0,7.0,12.0,91.0,390.0
Shariatpur,2024-09-22,2024,9,22,30.3,74.9,1002.9,8.0,158.0,5.0,53.0,62.0,89.0,13.0,16.0,115.0,499.0
Shariatpur,2024-09-23,2024,9,23,31.0,83.8,1003.1,5.0,151.0,5.0,38.0,45.0,64.0,5.0,11.0,69.0,427.0
Shariatpur,2024-09-24,2024,9,24,30.1,80.6,1004.8,7.0,65.0,3.0,6.0,8.0,12.0,1.0,3.0,50.0,152.0
Shariatpur,2024-09-25,2024,9,25,27.0,94.2,1006.5,4.0,27.0,1.0,3.0,6.0,9.0,1.0,2.0,39.0,124.0
Shariatpur,2024-09-26,2024,9,26,26.2,93.7,1008.9,3.0,34.0,1.0,6.0,11.0,17.0,1.0,3.0,28.0,129.0
Shariatpur,2024-09-27,2024,9,27,27.5,90.6,1009.9,8.0,49.0,2.0,8.0,12.0,18.0,1.0,3.0,24.0,120.0
Shariatpur,2024-09-28,2024,9,28,29.5,82.9,1009.4,7.0,51.0,2.0,9.0,12.0,19.0,1.0,4.0,25.0,147.0
Shariatpur,2024-09-29,2024,9,29,29.6,86.4,1008.4,7.0,53.0,2.0,14.0,18.0,26.0,2.0,6.0,37.0,173.0
Shariatpur,2024-09-30,2024,9,30,29.5,90.9,1007.0,7.0,74.0,3.0,25.0,31.0,46.0,5.0,6.0,57.0,195.0
Shariatpur,2024-10-01,2024,10,1,29.0,88.2,1004.7,7.0,117.0,4.0,39.0,48.0,70.0,9.0,6.0,82.0,252.0
Shariatpur,2024-10-02,2024,10,2,29.0,88.4,1003.2,9.0,109.0,4.0,24.0,28.0,40.0,5.0,8.0,74.0,265.0
Shariatpur,2024-10-03,2024,10,3,26.9,93.6,1003.2,3.0,88.0,4.0,28.0,34.0,50.0,6.0,6.0,64.0,278.0
Shariatpur,2024-10-04,2024,10,4,27.3,92.1,1005.1,3.0,81.0,3.0,12.0,17.0,26.0,1.0,3.0,63.0,184.0
Shariatpur,2024-10-05,2024,10,5,26.2,94.8,1007.9,8.0,62.0,2.0,13.0,20.0,31.0,1.0,3.0,50.0,151.0
Shariatpur,2024-10-06,2024,10,6,28.5,86.3,1010.5,7.0,61.0,2.0,8.0,13.0,21.0,1.0,4.0,37.0,143.0
Shariatpur,2024-10-07,2024,10,7,28.4,87.1,1012.5,7.0,57.0,2.0,12.0,16.0,24.0,2.0,6.0,35.0,176.0
Shariatpur,2024-10-08,2024,10,8,28.4,85.9,1012.2,7.0,60.0,2.0,14.0,17.0,25.0,3.0,7.0,42.0,188.0
Shariatpur,2024-10-09,2024,10,9,27.7,88.5,1010.5,7.0,65.0,2.0,17.0,21.0,31.0,4.0,8.0,37.0,187.0
Shariatpur,2024-10-10,2024,10,10,28.1,84.8,1009.4,7.0,75.0,3.0,19.0,23.0,33.0,4.0,6.0,52.0,201.0
Shariatpur,2024-10-11,2024,10,11,28.6,83.9,1009.0,7.0,71.0,3.0,20.0,25.0,36.0,3.0,8.0,42.0,223.0
Shariatpur,2024-10-12,2024,10,12,28.6,83.0,1010.2,7.0,93.0,4.0,32.0,38.0,56.0,6.0,13.0,55.0,319.0
Shariatpur,2024-10-13,2024,10,13,29.2,78.8,1010.8,9.0,130.0,4.0,50.0,62.0,95.0,8.0,9.0,80.0,307.0
Shariatpur,2024-10-14,2024,10,14,28.9,78.9,1010.6,7.0,163.0,6.0,66.0,84.0,132.0,15.0,14.0,91.0,437.0
Shariatpur,2024-10-15,2024,10,15,28.5,77.2,1010.1,7.0,167.0,6.0,65.0,84.0,133.0,11.0,23.0,82.0,569.0
Shariatpur,2024-10-16,2024,10,16,28.8,78.4,1010.5,7.0,164.0,6.0,59.0,75.0,118.0,11.0,14.0,96.0,493.0
Shariatpur,2024-10-17,2024,10,17,27.9,84.4,1010.6,4.0,158.0,5.0,56.0,71.0,110.0,9.0,7.0,97.0,347.0
Shariatpur,2024-10-18,2024,10,18,27.2,89.5,1010.0,7.0,157.0,5.0,45.0,55.0,83.0,6.0,7.0,71.0,306.0
Shariatpur,2024-10-19,2024,10,19,27.8,85.4,1010.9,6.0,96.0,4.0,24.0,28.0,40.0,6.0,12.0,60.0,298.0
Shariatpur,2024-10-20,2024,10,20,27.8,81.7,1011.6,7.0,137.0,5.0,59.0,70.0,103.0,18.0,18.0,82.0,417.0
Shariatpur,2024-10-21,2024,10,21,27.8,77.3,1010.3,8.0,155.0,5.0,49.0,60.0,88.0,11.0,14.0,84.0,409.0
Shariatpur,2024-10-22,2024,10,22,29.3,78.1,1009.9,8.0,156.0,5.0,54.0,65.0,95.0,12.0,18.0,85.0,462.0
Shariatpur,2024-10-23,2024,10,23,27.9,85.4,1009.5,2.0,132.0,4.0,26.0,31.0,44.0,6.0,11.0,27.0,264.0
Shariatpur,2024-10-24,2024,10,24,25.1,89.9,1009.5,3.0,60.0,2.0,10.0,12.0,17.0,4.0,5.0,37.0,151.0
Shariatpur,2024-10-25,2024,10,25,27.3,83.5,1008.5,7.0,56.0,2.0,16.0,24.0,40.0,2.0,3.0,46.0,195.0
Shariatpur,2024-10-26,2024,10,26,28.5,81.7,1008.9,6.0,95.0,4.0,23.0,34.0,54.0,2.0,4.0,26.0,155.0
Shariatpur,2024-10-27,2024,10,27,28.6,80.3,1008.5,8.0,102.0,4.0,33.0,42.0,66.0,4.0,15.0,50.0,327.0
Shariatpur,2024-10-28,2024,10,28,28.9,75.5,1007.6,8.0,145.0,5.0,52.0,64.0,95.0,11.0,26.0,66.0,506.0
Shariatpur,2024-10-29,2024,10,29,28.6,77.2,1008.4,7.0,159.0,5.0,60.0,71.0,105.0,5.0,22.0,68.0,592.0
Shariatpur,2024-10-30,2024,10,30,29.2,78.5,1009.8,6.0,155.0,5.0,49.0,59.0,87.0,3.0,14.0,24.0,322.0
Shariatpur,2024-10-31,2024,10,31,29.0,80.4,1010.5,7.0,143.0,5.0,39.0,47.0,68.0,6.0,8.0,68.0,258.0
Shariatpur,2024-11-01,2024,11,1,28.4,78.5,1011.5,7.0,121.0,4.0,44.0,52.0,76.0,8.0,12.0,80.0,354.0
Shariatpur,2024-11-02,2024,11,2,28.1,75.8,1012.2,7.0,158.0,5.0,66.0,82.0,126.0,15.0,13.0,85.0,439.0
Shariatpur,2024-11-03,2024,11,3,27.5,78.4,1012.4,8.0,168.0,6.0,76.0,97.0,153.0,14.0,17.0,83.0,517.0
Shariatpur,2024-11-04,2024,11,4,27.7,75.1,1012.0,7.0,176.0,6.0,82.0,103.0,159.0,20.0,21.0,94.0,593.0
Shariatpur,2024-11-05,2024,11,5,27.4,72.8,1012.7,6.0,163.0,6.0,52.0,63.0,93.0,12.0,15.0,64.0,417.0
Shariatpur,2024-11-06,2024,11,6,25.3,76.3,1013.5,7.0,154.0,5.0,48.0,57.0,83.0,12.0,14.0,72.0,387.0
Shariatpur,2024-11-07,2024,11,7,26.3,74.6,1012.9,6.0,139.0,5.0,41.0,48.0,70.0,18.0,14.0,76.0,354.0
Shariatpur,2024-11-08,2024,11,8,26.7,70.3,1012.8,7.0,102.0,4.0,22.0,26.0,37.0,9.0,12.0,68.0,314.0
Shariatpur,2024-11-09,2024,11,9,26.2,69.7,1012.8,7.0,76.0,3.0,23.0,27.0,39.0,10.0,16.0,60.0,337.0
Shariatpur,2024-11-10,2024,11,10,26.4,70.6,1013.1,7.0,99.0,4.0,35.0,40.0,58.0,12.0,24.0,65.0,451.0
Shariatpur,2024-11-11,2024,11,11,27.0,69.1,1012.7,7.0,132.0,4.0,42.0,49.0,70.0,13.0,19.0,75.0,435.0
Shariatpur,2024-11-12,2024,11,12,26.9,65.2,1012.0,7.0,125.0,4.0,37.0,42.0,56.0,8.0,14.0,69.0,394.0
Shariatpur,2024-11-13,2024,11,13,26.0,70.5,1011.3,7.0,108.0,4.0,39.0,41.0,43.0,9.0,14.0,74.0,410.0
Shariatpur,2024-11-14,2024,11,14,25.8,73.2,1012.2,7.0,152.0,5.0,74.0,82.0,85.0,11.0,13.0,84.0,563.0
Shariatpur,2024-11-15,2024,11,15,25.3,73.9,1012.0,7.0,169.0,6.0,90.0,101.0,106.0,4.0,7.0,16.0,263.0
Shariatpur,2024-11-16,2024,11,16,24.6,70.9,1011.3,7.0,179.0,6.0,98.0,113.0,120.0,4.0,7.0,28.0,232.0
Shariatpur,2024-11-17,2024,11,17,23.9,61.7,1011.6,8.0,174.0,6.0,84.0,96.0,101.0,4.0,5.0,18.0,209.0
Shariatpur,2024-11-18,2024,11,18,23.8,63.1,1012.5,7.0,176.0,6.0,96.0,108.0,112.0,5.0,8.0,27.0,244.0
Shariatpur,2024-11-19,2024,11,19,24.2,64.7,1013.0,7.0,171.0,6.0,67.0,73.0,74.0,4.0,8.0,24.0,225.0
Shariatpur,2024-11-20,2024,11,20,23.9,63.3,1012.1,7.0,152.0,5.0,50.0,54.0,54.0,6.0,10.0,37.0,317.0
Shariatpur,2025-03-01,2025,3,1,25.8,67.2,1011.0,8.0,186.0,6.0,82.0,92.0,110.0,2.0,0.0,20.0,35.0
Shariatpur,2025-03-02,2025,3,2,26.9,63.0,1008.4,8.0,149.0,5.0,48.0,55.0,67.0,1.0,0.0,11.0,33.0
Shariatpur,2025-03-03,2025,3,3,26.8,54.7,1009.7,7.0,147.0,5.0,42.0,50.0,64.0,1.0,0.0,17.0,30.0
Shariatpur,2025-03-04,2025,3,4,25.8,45.6,1009.8,9.0,142.0,5.0,38.0,46.0,59.0,2.0,3.0,35.0,100.0
Shariatpur,2025-03-05,2025,3,5,25.7,42.3,1009.0,9.0,115.0,4.0,34.0,47.0,93.0,4.0,7.0,77.0,271.0
Shariatpur,2025-03-06,2025,3,6,24.1,46.9,1011.1,9.0,146.0,5.0,36.0,50.0,83.0,9.0,10.0,93.0,395.0
Shariatpur,2025-03-07,2025,3,7,23.6,47.6,1009.6,9.0,128.0,4.0,32.0,52.0,97.0,9.0,9.0,97.0,389.0
Shariatpur,2025-03-08,2025,3,8,25.1,52.1,1009.1,9.0,154.0,5.0,44.0,61.0,97.0,9.0,8.0,70.0,441.0
Shariatpur,2025-03-09,2025,3,9,26.4,65.8,1012.5,9.0,135.0,4.0,45.0,56.0,66.0,1.0,1.0,9.0,43.0
Shariatpur,2025-03-10,2025,3,10,27.1,59.9,1014.4,9.0,157.0,5.0,62.0,72.0,83.0,0.0,0.0,10.0,34.0
Shariatpur,2025-03-11,2025,3,11,27.4,52.4,1012.3,9.0,162.0,6.0,70.0,80.0,88.0,1.0,1.0,23.0,81.0
Shariatpur,2025-03-12,2025,3,12,27.2,51.6,1008.6,9.0,158.0,5.0,52.0,59.0,69.0,1.0,1.0,37.0,128.0
Shariatpur,2025-03-13,2025,3,13,28.4,70.8,1007.2,9.0,109.0,4.0,24.0,28.0,33.0,2.0,2.0,50.0,175.0
Shariatpur,2025-03-14,2025,3,14,28.6,72.9,1008.4,9.0,86.0,4.0,24.0,28.0,32.0,2.0,2.0,70.0,207.0
Shariatpur,2025-03-15,2025,3,15,29.2,71.6,1009.8,8.0,87.0,4.0,27.0,31.0,35.0,0.0,0.0,1.0,8.0
Shariatpur,2025-03-16,2025,3,16,29.5,69.3,1009.4,9.0,90.0,4.0,26.0,30.0,34.0,1.0,1.0,5.0,47.0
Shariatpur,2025-03-17,2025,3,17,28.6,66.3,1008.5,8.0,86.0,4.0,24.0,28.0,32.0,1.0,3.0,12.0,111.0
Shariatpur,2025-03-18,2025,3,18,28.7,52.0,1009.5,9.0,85.0,4.0,29.0,34.0,45.0,2.0,5.0,18.0,176.0
Shariatpur,2025-03-19,2025,3,19,28.6,49.6,1012.4,9.0,112.0,4.0,34.0,40.0,47.0,3.0,7.0,25.0,240.0
Shariatpur,2025-03-20,2025,3,20,26.9,78.6,1013.9,9.0,119.0,4.0,44.0,50.0,56.0,7.0,6.0,74.0,299.0
Shariatpur,2025-03-21,2025,3,21,26.2,66.2,1015.2,9.0,158.0,5.0,67.0,74.0,80.0,0.0,0.0,6.0,13.0
Shariatpur,2025-03-22,2025,3,22,24.2,69.5,1014.7,4.0,151.0,5.0,51.0,55.0,57.0,2.0,1.0,34.0,77.0
Shariatpur,2025-03-23,2025,3,23,25.4,58.9,1014.7,9.0,156.0,5.0,59.0,65.0,69.0,4.0,1.0,61.0,138.0
Shariatpur,2025-03-24,2025,3,24,26.3,51.8,1013.1,9.0,152.0,5.0,51.0,57.0,68.0,1.0,0.0,13.0,26.0
Shariatpur,2025-03-25,2025,3,25,26.7,49.9,1008.6,10.0,150.0,5.0,49.0,55.0,65.0,3.0,0.0,48.0,87.0
Shariatpur,2025-03-26,2025,3,26,28.2,52.1,1006.6,9.0,155.0,5.0,66.0,74.0,84.0,6.0,1.0,87.0,157.0
Shariatpur,2025-03-27,2025,3,27,29.5,58.7,1004.7,9.0,151.0,5.0,45.0,49.0,55.0,9.0,1.0,126.0,228.0
Shariatpur,2025-03-28,2025,3,28,30.2,63.5,1003.8,9.0,127.0,4.0,33.0,38.0,47.0,9.0,3.0,139.0,303.0
Shariatpur,2025-03-29,2025,3,29,30.6,57.2,1005.3,9.0,118.0,4.0,36.0,42.0,51.0,1.0,3.0,24.0,130.0
Shariatpur,2025-03-30,2025,3,30,30.1,53.7,1008.5,9.0,110.0,4.0,33.0,39.0,46.0,1.0,1.0,24.0,58.0
Shariatpur,2025-03-31,2025,3,31,30.1,61.8,1008.7,9.0,101.0,4.0,29.0,33.0,39.0,3.0,2.0,57.0,138.0
Shariatpur,2025-04-01,2025,4,1,29.5,62.1,1008.5,9.0,101.0,4.0,32.0,38.0,46.0,3.0,3.0,69.0,166.0
Shariatpur,2025-04-02,2025,4,2,29.3,61.7,1009.9,8.0,98.0,4.0,27.0,32.0,38.0,1.0,0.0,16.0,29.0
Shariatpur,2025-04-03,2025,4,3,30.2,60.2,1010.6,9.0,96.0,4.0,32.0,37.0,44.0,1.0,0.0,28.0,53.0
Shariatpur,2025-04-04,2025,4,4,29.9,61.0,1009.8,8.0,111.0,4.0,34.0,39.0,45.0,1.0,0.0,14.0,37.0
Shariatpur,2025-04-05,2025,4,5,29.3,61.0,1008.3,9.0,101.0,4.0,30.0,34.0,37.0,0.0,3.0,3.0,49.0
Shariatpur,2025-04-06,2025,4,6,29.8,66.1,1008.1,9.0,99.0,4.0,31.0,36.0,39.0,1.0,3.0,12.0,81.0
Shariatpur,2025-04-07,2025,4,7,28.6,60.9,1010.6,9.0,112.0,4.0,36.0,42.0,49.0,1.0,6.0,23.0,148.0
Shariatpur,2025-04-08,2025,4,8,29.7,64.7,1013.3,9.0,110.0,4.0,27.0,32.0,37.0,1.0,4.0,37.0,162.0
Shariatpur,2025-04-09,2025,4,9,29.5,61.8,1011.2,9.0,73.0,3.0,13.0,16.0,19.0,2.0,5.0,55.0,188.0
Shariatpur,2025-04-10,2025,4,10,28.9,60.2,1006.8,9.0,55.0,2.0,12.0,14.0,15.0,0.0,1.0,32.0,77.0
Shariatpur,2025-04-11,2025,4,11,27.9,64.7,1005.5,8.0,59.0,2.0,13.0,16.0,19.0,0.0,1.0,7.0,25.0
Shariatpur,2025-04-12,2025,4,12,29.4,65.5,1006.5,9.0,53.0,2.0,13.0,16.0,30.0,1.0,2.0,13.0,65.0
Shariatpur,2025-04-13,2025,4,13,29.4,62.9,1008.6,9.0,71.0,3.0,27.0,32.0,42.0,2.0,5.0,32.0,155.0
Shariatpur,2025-04-14,2025,4,14,29.5,61.7,1008.8,9.0,136.0,5.0,47.0,53.0,63.0,3.0,8.0,50.0,245.0
Shariatpur,2025-04-15,2025,4,15,28.5,68.3,1009.6,9.0,127.0,4.0,37.0,42.0,49.0,5.0,5.0,88.0,237.0
Shariatpur,2025-04-16,2025,4,16,27.3,72.9,1009.2,9.0,102.0,4.0,28.0,33.0,42.0,0.0,2.0,5.0,46.0
Shariatpur,2025-04-17,2025,4,17,24.7,79.1,1008.5,8.0,83.0,4.0,19.0,22.0,28.0,0.0,0.0,10.0,25.0
Shariatpur,2025-04-18,2025,4,18,26.1,74.7,1007.5,7.0,73.0,3.0,20.0,24.0,31.0,0.0,1.0,12.0,43.0
Shariatpur,2025-04-19,2025,4,19,26.7,75.4,1006.7,6.0,73.0,3.0,16.0,20.0,28.0,1.0,2.0,21.0,77.0
Shariatpur,2025-04-20,2025,4,20,28.8,71.2,1006.2,8.0,72.0,3.0,23.0,27.0,34.0,0.0,1.0,12.0,53.0
Shariatpur,2025-04-21,2025,4,21,28.1,77.2,1007.9,7.0,84.0,4.0,24.0,30.0,37.0,1.0,3.0,29.0,126.0
Shariatpur,2025-04-22,2025,4,22,29.7,71.3,1007.5,6.0,100.0,4.0,30.0,38.0,46.0,1.0,3.0,35.0,153.0
Shariatpur,2025-04-23,2025,4,23,30.3,67.9,1004.6,8.0,104.0,4.0,27.0,34.0,41.0,0.0,1.0,11.0,32.0
Shariatpur,2025-04-24,2025,4,24,30.5,67.5,1004.8,8.0,87.0,4.0,20.0,25.0,30.0,1.0,0.0,8.0,18.0
Shariatpur,2025-04-25,2025,4,25,30.6,65.4,1005.7,7.0,65.0,2.0,11.0,15.0,18.0,0.0,0.0,8.0,22.0
Shariatpur,2025-04-26,2025,4,26,30.8,67.0,1006.3,9.0,59.0,2.0,11.0,16.0,20.0,1.0,2.0,23.0,76.0
Shariatpur,2025-04-27,2025,4,27,29.9,66.9,1008.1,8.0,59.0,2.0,15.0,19.0,23.0,2.0,3.0,42.0,138.0
Shariatpur,2025-04-28,2025,4,28,26.1,75.1,1008.1,7.0,72.0,3.0,22.0,25.0,27.0,3.0,5.0,61.0,199.0
Shariatpur,2025-04-29,2025,4,29,26.5,70.4,1008.4,9.0,96.0,4.0,30.0,34.0,37.0,3.0,5.0,61.0,204.0
Shariatpur,2025-04-30,2025,4,30,27.4,71.0,1008.8,8.0,109.0,4.0,40.0,44.0,50.0,1.0,3.0,3.0,57.0
Shariatpur,2025-05-01,2025,5,1,27.3,69.2,1009.9,9.0,127.0,4.0,47.0,52.0,61.0,0.0,1.0,6.0,31.0
Shariatpur,2025-05-02,2025,5,2,27.7,66.1,1008.9,9.0,137.0,5.0,45.0,49.0,55.0,1.0,1.0,22.0,67.0
Shariatpur,2025-05-03,2025,5,3,27.1,71.6,1007.3,8.0,112.0,4.0,27.0,30.0,35.0,3.0,2.0,53.0,160.0
Shariatpur,2025-05-04,2025,5,4,27.7,74.1,1006.6,9.0,86.0,4.0,24.0,28.0,34.0,3.0,9.0,69.0,273.0
Shariatpur,2025-05-05,2025,5,5,29.2,68.5,1006.3,8.0,91.0,4.0,28.0,31.0,37.0,3.0,13.0,63.0,324.0
Shariatpur,2025-05-06,2025,5,6,27.6,74.5,1006.9,9.0,97.0,4.0,35.0,40.0,46.0,4.0,10.0,86.0,341.0
Shariatpur,2025-05-07,2025,5,7,29.5,66.3,1005.7,9.0,128.0,4.0,48.0,53.0,62.0,0.0,0.0,2.0,9.0
Shariatpur,2025-05-08,2025,5,8,30.9,62.2,1005.6,9.0,126.0,4.0,34.0,40.0,53.0,1.0,2.0,9.0,50.0
Shariatpur,2025-05-09,2025,5,9,31.6,60.4,1006.0,9.0,111.0,4.0,38.0,45.0,58.0,3.0,5.0,22.0,118.0
Shariatpur,2025-05-10,2025,5,10,32.0,60.8,1005.2,9.0,140.0,5.0,44.0,51.0,62.0,5.0,7.0,34.0,187.0
Shariatpur,2025-05-11,2025,5,11,32.1,64.0,1003.7,9.0,149.0,5.0,49.0,57.0,65.0,7.0,10.0,46.0,255.0
Shariatpur,2025-05-12,2025,5,12,27.2,78.7,1004.0,9.0,134.0,4.0,37.0,42.0,48.0,10.0,8.0,99.0,309.0
Shariatpur,2025-05-13,2025,5,13,30.2,73.0,1003.7,8.0,102.0,4.0,25.0,31.0,36.0,,,,
Shariatpur,2025-05-14,2025,5,14,29.8,77.3,1004.9,8.0,83.0,4.0,20.0,25.0,30.0,0.0,0.0,1.0,4.0
Shariatpur,2025-05-15,2025,5,15,28.4,80.1,1005.6,8.0,78.0,3.0,20.0,25.0,34.0,0.0,1.0,3.0,18.0
Shariatpur,2025-05-16,2025,5,16,29.9,74.7,1005.4,8.0,80.0,4.0,21.0,25.0,31.0,0.0,2.0,7.0,45.0
Shariatpur,2025-05-17,2025,5,17,28.0,75.8,1006.2,8.0,75.0,3.0,16.0,19.0,24.0,0.0,0.0,10.0,21.0
Shariatpur,2025-05-18,2025,5,18,27.9,78.2,1007.1,8.0,55.0,2.0,10.0,12.0,16.0,0.0,0.0,17.0,38.0
Shariatpur,2025-05-19,2025,5,19,28.0,82.8,1006.4,7.0,54.0,2.0,12.0,15.0,20.0,0.0,3.0,4.0,53.0
Shariatpur,2025-05-20,2025,5,20,27.8,84.7,1004.8,5.0,58.0,2.0,12.0,14.0,18.0,1.0,5.0,8.0,95.0
Shariatpur,2025-05-21,2025,5,21,27.9,82.1,1005.5,7.0,50.0,2.0,8.0,10.0,13.0,2.0,1.0,10.0,37.0
Shariatpur,2025-05-22,2025,5,22,28.6,81.8,1005.0,7.0,48.0,2.0,10.0,12.0,15.0,3.0,2.0,17.0,67.0
Shariatpur,2025-05-23,2025,5,23,28.5,83.4,1003.0,6.0,54.0,2.0,12.0,14.0,17.0,0.0,2.0,9.0,42.0
Shariatpur,2025-05-24,2025,5,24,28.8,80.0,1002.9,6.0,49.0,2.0,9.0,11.0,11.0,0.0,3.0,17.0,77.0
Shariatpur,2025-05-25,2025,5,25,29.4,78.9,1003.7,5.0,51.0,2.0,12.0,14.0,15.0,1.0,1.0,36.0,68.0
Shariatpur,2025-05-26,2025,5,26,28.3,83.6,1002.9,8.0,57.0,2.0,15.0,17.0,17.0,1.0,0.0,23.0,45.0
Shariatpur,2025-05-27,2025,5,27,30.0,74.6,999.8,7.0,64.0,2.0,17.0,19.0,19.0,0.0,1.0,16.0,37.0
Shariatpur,2025-05-28,2025,5,28,29.3,79.6,997.4,5.0,55.0,2.0,9.0,10.0,10.0,0.0,1.0,23.0,54.0
Shariatpur,2025-05-29,2025,5,29,26.6,91.8,993.1,1.0,28.0,1.0,5.0,6.0,6.0,1.0,2.0,31.0,97.0
Shariatpur,2025-05-30,2025,5,30,27.0,91.5,993.4,4.0,44.0,2.0,19.0,21.0,21.0,2.0,4.0,73.0,226.0
Shariatpur,2025-05-31,2025,5,31,28.6,88.6,999.4,7.0,66.0,3.0,11.0,12.0,14.0,1.0,4.0,67.0,180.0
Shariatpur,2025-06-01,2025,6,1,28.1,88.9,999.5,5.0,43.0,2.0,11.0,12.0,13.0,1.0,7.0,55.0,219.0
Shariatpur,2025-06-02,2025,6,2,27.6,85.4,999.7,6.0,75.0,3.0,26.0,34.0,48.0,1.0,4.0,17.0,104.0
Shariatpur,2025-06-03,2025,6,3,26.9,86.3,1002.0,9.0,106.0,4.0,25.0,34.0,47.0,1.0,0.0,22.0,46.0
Shariatpur,2025-06-04,2025,6,4,27.0,86.4,1004.4,5.0,75.0,3.0,16.0,20.0,25.0,1.0,0.0,19.0,40.0
Shariatpur,2025-06-05,2025,6,5,27.8,86.7,1006.2,7.0,72.0,3.0,21.0,26.0,34.0,0.0,1.0,40.0,88.0
Shariatpur,2025-06-06,2025,6,6,28.5,82.0,1006.0,8.0,90.0,4.0,26.0,32.0,41.0,0.0,1.0,23.0,66.0
Shariatpur,2025-06-07,2025,6,7,28.3,85.3,1005.4,8.0,101.0,4.0,33.0,39.0,48.0,1.0,3.0,8.0,84.0
Shariatpur,2025-06-08,2025,6,8,30.2,77.1,1003.4,8.0,121.0,4.0,39.0,44.0,50.0,1.0,5.0,11.0,117.0
Shariatpur,2025-06-09,2025,6,9,30.6,78.2,1002.2,8.0,121.0,4.0,39.0,45.0,51.0,0.0,1.0,5.0,24.0
Shariatpur,2025-06-10,2025,6,10,30.9,77.7,1001.2,9.0,118.0,4.0,34.0,40.0,45.0,1.0,3.0,6.0,69.0
Shariatpur,2025-06-11,2025,6,11,30.3,78.2,1002.1,7.0,106.0,4.0,28.0,33.0,36.0,0.0,1.0,10.0,33.0
Shariatpur,2025-06-12,2025,6,12,30.9,75.7,1002.3,7.0,78.0,3.0,19.0,20.0,21.0,0.0,0.0,10.0,21.0
Shariatpur,2025-06-13,2025,6,13,31.3,76.2,1002.5,9.0,72.0,3.0,21.0,24.0,26.0,0.0,0.0,8.0,21.0
Shariatpur,2025-06-14,2025,6,14,30.3,79.7,1001.4,8.0,69.0,3.0,16.0,19.0,20.0,0.0,1.0,9.0,35.0
Shariatpur,2025-06-15,2025,6,15,29.5,84.6,1000.8,5.0,65.0,2.0,16.0,17.0,19.0,0.0,0.0,6.0,17.0
Shariatpur,2025-06-16,2025,6,16,29.3,83.7,999.7,5.0,49.0,2.0,8.0,9.0,9.0,0.0,0.0,16.0,31.0
Shariatpur,2025-06-17,2025,6,17,27.5,92.1,998.4,3.0,37.0,1.0,10.0,11.0,12.0,0.0,1.0,28.0,55.0
Shariatpur,2025-06-18,2025,6,18,27.7,90.8,997.7,3.0,54.0,2.0,14.0,15.0,16.0,0.0,0.0,8.0,22.0
Shariatpur,2025-06-19,2025,6,19,28.4,82.5,999.6,6.0,63.0,2.0,14.0,17.0,22.0,0.0,0.0,8.0,17.0
Shariatpur,2025-06-20,2025,6,20,27.9,89.8,1001.0,7.0,60.0,2.0,14.0,17.0,19.0,0.0,1.0,7.0,40.0
Shariatpur,2025-06-21,2025,6,21,29.2,86.2,1001.2,7.0,64.0,2.0,19.0,22.0,26.0,0.0,1.0,9.0,34.0
Shariatpur,2025-06-22,2025,6,22,29.6,83.8,1000.7,5.0,74.0,3.0,16.0,19.0,23.0,1.0,3.0,21.0,81.0
Shariatpur,2025-06-23,2025,6,23,29.3,82.3,999.0,6.0,55.0,2.0,10.0,12.0,14.0,1.0,4.0,25.0,98.0
Shariatpur,2025-06-24,2025,6,24,29.4,81.8,998.3,7.0,40.0,1.0,8.0,10.0,11.0,0.0,0.0,9.0,18.0
Shariatpur,2025-06-25,2025,6,25,29.4,82.1,1000.6,6.0,39.0,1.0,7.0,8.0,10.0,0.0,0.0,11.0,25.0
Shariatpur,2025-06-26,2025,6,26,29.1,83.3,1002.7,7.0,33.0,1.0,6.0,8.0,10.0,1.0,0.0,27.0,59.0
Shariatpur,2025-06-27,2025,6,27,28.7,86.1,1001.9,8.0,38.0,1.0,8.0,10.0,12.0,1.0,1.0,43.0,93.0
Shariatpur,2025-06-28,2025,6,28,28.8,85.8,999.1,5.0,43.0,2.0,11.0,12.0,13.0,1.0,1.0,58.0,127.0
Shariatpur,2025-06-29,2025,6,29,28.9,83.2,996.5,7.0,52.0,2.0,10.0,12.0,13.0,1.0,1.0,71.0,156.0
Shariatpur,2025-06-30,2025,6,30,29.4,81.9,997.2,7.0,45.0,2.0,9.0,12.0,13.0,0.0,0.0,2.0,8.0
Shariatpur,2025-07-01,2025,7,1,29.4,82.5,998.8,7.0,48.0,2.0,8.0,10.0,11.0,0.0,1.0,11.0,46.0
Shariatpur,2025-07-02,2025,7,2,28.4,87.0,999.9,6.0,37.0,1.0,6.0,8.0,9.0,1.0,2.0,21.0,83.0
Shariatpur,2025-07-03,2025,7,3,28.3,87.2,1000.5,5.0,30.0,1.0,6.0,8.0,9.0,0.0,1.0,8.0,28.0
Shariatpur,2025-07-04,2025,7,4,28.0,87.2,1000.2,4.0,37.0,1.0,9.0,10.0,11.0,0.0,0.0,8.0,21.0
Shariatpur,2025-07-05,2025,7,5,28.6,86.8,998.6,5.0,48.0,2.0,10.0,11.0,11.0,0.0,1.0,11.0,31.0
Shariatpur,2025-07-06,2025,7,6,28.0,86.8,997.8,5.0,39.0,1.0,7.0,8.0,9.0,0.0,1.0,15.0,37.0
Shariatpur,2025-07-07,2025,7,7,27.0,89.5,997.5,2.0,36.0,1.0,8.0,8.0,9.0,1.0,3.0,36.0,89.0
Shariatpur,2025-07-08,2025,7,8,26.3,94.8,998.2,4.0,36.0,2.0,9.0,11.0,12.0,1.0,2.0,42.0,95.0
Shariatpur,2025-07-09,2025,7,9,25.9,94.7,1001.0,6.0,52.0,2.0,10.0,14.0,18.0,0.0,1.0,17.0,48.0
Shariatpur,2025-07-10,2025,7,10,26.5,93.8,1002.2,4.0,53.0,2.0,9.0,13.0,18.0,1.0,3.0,39.0,118.0
Shariatpur,2025-07-11,2025,7,11,28.5,85.8,1001.2,6.0,52.0,2.0,10.0,13.0,16.0,1.0,3.0,49.0,147.0
Shariatpur,2025-07-12,2025,7,12,30.4,81.5,1001.0,9.0,56.0,2.0,15.0,17.0,18.0,1.0,5.0,49.0,178.0
Shariatpur,2025-07-13,2025,7,13,29.0,85.7,1000.8,7.0,68.0,3.0,18.0,20.0,21.0,1.0,6.0,48.0,187.0
Shariatpur,2025-07-14,2025,7,14,27.3,89.4,1001.0,2.0,52.0,2.0,9.0,10.0,10.0,,,,
Shariatpur,2025-07-15,2025,7,15,27.1,91.1,1001.9,6.0,48.0,2.0,12.0,15.0,18.0,,,,
Shariatpur,2025-07-16,2025,7,16,28.2,88.7,1003.6,7.0,64.0,2.0,14.0,19.0,27.0,0.0,0.0,1.0,7.0
Shariatpur,2025-07-17,2025,7,17,28.1,93.3,1004.7,4.0,68.0,3.0,17.0,21.0,28.0,0.0,1.0,5.0,39.0
Shariatpur,2025-07-18,2025,7,18,29.2,83.6,1003.1,8.0,72.0,3.0,18.0,23.0,29.0,1.0,2.0,9.0,71.0
Shariatpur,2025-07-19,2025,7,19,30.0,82.3,999.6,7.0,73.0,3.0,19.0,23.0,27.0,0.0,1.0,1.0,17.0
Shariatpur,2025-07-20,2025,7,20,29.1,85.6,999.6,5.0,65.0,2.0,14.0,16.0,19.0,0.0,1.0,4.0,39.0
Shariatpur,2025-07-21,2025,7,21,29.9,82.6,1000.4,7.0,56.0,2.0,13.0,15.0,16.0,1.0,0.0,17.0,35.0
Shariatpur,2025-07-22,2025,7,22,30.0,84.3,999.2,7.0,65.0,2.0,18.0,20.0,22.0,2.0,1.0,40.0,83.0
Shariatpur,2025-07-23,2025,7,23,31.3,80.3,995.6,8.0,68.0,2.0,21.0,23.0,24.0,2.0,1.0,46.0,102.0
Shariatpur,2025-07-24,2025,7,24,28.5,86.1,993.5,6.0,65.0,2.0,13.0,14.0,14.0,0.0,0.0,11.0,22.0
Shariatpur,2025-07-25,2025,7,25,28.8,84.2,993.7,6.0,45.0,2.0,6.0,7.0,7.0,0.0,0.0,12.0,32.0
Shariatpur,2025-07-26,2025,7,26,28.9,86.5,998.4,6.0,25.0,1.0,5.0,7.0,8.0,1.0,1.0,29.0,76.0
Shariatpur,2025-07-27,2025,7,27,28.9,89.4,998.5,7.0,37.0,1.0,11.0,12.0,13.0,1.0,2.0,35.0,93.0
Shariatpur,2025-07-28,2025,7,28,27.7,90.8,998.9,3.0,58.0,2.0,16.0,18.0,19.0,0.0,0.0,16.0,35.0
Shariatpur,2025-07-29,2025,7,29,27.8,87.9,999.4,5.0,59.0,2.0,12.0,14.0,14.0,1.0,1.0,37.0,82.0
Shariatpur,2025-07-30,2025,7,30,28.5,86.2,1000.8,6.0,50.0,2.0,8.0,10.0,12.0,1.0,2.0,54.0,133.0
Shariatpur,2025-07-31,2025,7,31,27.4,91.9,1000.5,3.0,44.0,2.0,12.0,13.0,13.0,1.0,2.0,47.0,126.0
Shariatpur,2025-08-01,2025,8,1,27.7,92.0,1000.7,5.0,57.0,2.0,17.0,20.0,22.0,0.0,1.0,12.0,36.0
Shariatpur,2025-08-02,2025,8,2,29.5,85.6,1001.9,6.0,72.0,3.0,16.0,20.0,25.0,0.0,1.0,4.0,30.0
Shariatpur,2025-08-03,2025,8,3,29.2,87.0,1004.9,6.0,67.0,2.0,16.0,21.0,29.0,0.0,2.0,1.0,54.0
Shariatpur,2025-08-04,2025,8,4,28.2,90.3,1005.7,5.0,72.0,3.0,18.0,23.0,30.0,1.0,4.0,3.0,97.0
Shariatpur,2025-08-05,2025,8,5,27.6,89.3,1005.9,6.0,78.0,4.0,22.0,26.0,35.0,1.0,1.0,17.0,56.0
Shariatpur,2025-08-06,2025,8,6,28.5,86.6,1003.9,4.0,93.0,4.0,34.0,40.0,50.0,2.0,2.0,39.0,132.0
Shariatpur,2025-08-07,2025,8,7,28.0,89.1,1003.2,5.0,103.0,4.0,22.0,25.0,28.0,2.0,4.0,57.0,203.0
Shariatpur,2025-08-08,2025,8,8,26.9,89.2,1006.3,3.0,55.0,2.0,9.0,10.0,10.0,2.0,5.0,41.0,194.0
Shariatpur,2025-08-09,2025,8,9,28.2,85.9,1007.5,7.0,46.0,2.0,10.0,12.0,12.0,1.0,5.0,33.0,166.0
Shariatpur,2025-08-10,2025,8,10,29.5,81.1,1005.9,9.0,49.0,2.0,10.0,12.0,14.0,,,,
Shariatpur,2025-08-11,2025,8,11,30.3,78.4,1004.0,6.0,51.0,2.0,10.0,12.0,14.0,,,,
Shariatpur,2025-08-12,2025,8,12,30.3,78.7,1002.2,8.0,56.0,2.0,14.0,16.0,18.0,0.0,0.0,1.0,11.0
Shariatpur,2025-08-13,2025,8,13,28.0,88.2,1004.5,4.0,51.0,2.0,8.0,10.0,11.0,0.0,2.0,4.0,44.0
Shariatpur,2025-08-14,2025,8,14,28.4,87.7,1005.1,5.0,39.0,1.0,8.0,9.0,10.0,0.0,1.0,3.0,26.0
Shariatpur,2025-08-15,2025,8,15,29.5,81.2,1003.2,7.0,38.0,1.0,9.0,11.0,11.0,1.0,3.0,8.0,61.0
Shariatpur,2025-08-16,2025,8,16,29.8,83.4,1001.6,8.0,54.0,2.0,12.0,14.0,15.0,2.0,5.0,12.0,97.0
Shariatpur,2025-08-17,2025,8,17,29.3,84.7,1002.9,7.0,53.0,2.0,10.0,12.0,13.0,2.0,7.0,17.0,132.0
Shariatpur,2025-08-18,2025,8,18,29.9,78.0,1004.8,8.0,36.0,1.0,6.0,7.0,7.0,2.0,5.0,38.0,140.0
Shariatpur,2025-08-19,2025,8,19,28.4,84.8,1004.7,7.0,24.0,1.0,4.0,5.0,6.0,,,,
Shariatpur,2025-08-20,2025,8,20,27.9,87.9,1004.8,6.0,24.0,1.0,5.0,6.0,7.0,,,,
Shariatpur,2025-08-21,2025,8,21,27.7,89.1,1004.1,6.0,26.0,1.0,6.0,7.0,7.0,0.0,0.0,2.0,7.0
Shariatpur,2025-08-22,2025,8,22,27.6,89.8,1001.5,5.0,31.0,1.0,6.0,7.0,7.0,0.0,1.0,11.0,42.0
Shariatpur,2025-08-23,2025,8,23,27.3,89.4,1000.9,4.0,34.0,1.0,11.0,12.0,12.0,1.0,3.0,27.0,98.0
Shariatpur,2025-08-24,2025,8,24,28.1,84.7,1003.6,5.0,53.0,2.0,11.0,12.0,13.0,1.0,4.0,40.0,162.0
Shariatpur,2025-08-25,2025,8,25,29.0,79.3,1004.0,8.0,48.0,2.0,9.0,11.0,12.0,1.0,6.0,43.0,200.0
Shariatpur,2025-08-26,2025,8,26,29.9,80.2,1003.9,8.0,53.0,2.0,12.0,14.0,16.0,0.0,3.0,10.0,69.0
Shariatpur,2025-08-27,2025,8,27,29.5,78.9,1003.8,8.0,43.0,1.0,7.0,8.0,10.0,0.0,0.0,12.0,30.0
Shariatpur,2025-08-28,2025,8,28,28.6,83.5,1004.9,4.0,39.0,1.0,7.0,9.0,11.0,0.0,0.0,23.0,54.0
Shariatpur,2025-08-29,2025,8,29,28.6,84.6,1006.0,7.0,36.0,1.0,8.0,9.0,10.0,0.0,1.0,33.0,78.0
Shariatpur,2025-08-30,2025,8,30,28.2,86.3,1006.5,8.0,43.0,2.0,10.0,11.0,12.0,0.0,2.0,37.0,120.0
Shariatpur,2025-08-31,2025,8,31,28.4,87.2,1004.1,7.0,56.0,2.0,16.0,18.0,20.0,0.0,2.0,6.0,40.0
Shariatpur,2025-09-01,2025,9,1,31.1,75.2,1000.0,8.0,81.0,4.0,28.0,30.0,30.0,0.0,0.0,10.0,27.0
Shariatpur,2025-09-02,2025,9,2,29.6,76.9,1002.2,8.0,64.0,2.0,8.0,9.0,9.0,1.0,1.0,24.0,64.0
Shariatpur,2025-09-03,2025,9,3,29.7,76.7,1004.0,8.0,32.0,1.0,7.0,8.0,9.0,1.0,2.0,39.0,101.0
Shariatpur,2025-09-04,2025,9,4,28.8,83.6,1005.3,8.0,29.0,1.0,6.0,7.0,9.0,1.0,4.0,44.0,150.0
Shariatpur,2025-09-05,2025,9,5,29.7,77.9,1005.9,9.0,40.0,1.0,9.0,10.0,12.0,1.0,5.0,38.0,157.0
Shariatpur,2025-09-06,2025,9,6,30.6,74.2,1006.4,8.0,53.0,2.0,14.0,17.0,20.0,,,,
Shariatpur,2025-09-07,2025,9,7,28.8,82.2,1005.7,8.0,68.0,3.0,18.0,22.0,27.0,,,,
Shariatpur,2025-09-08,2025,9,8,29.4,82.2,1005.4,7.0,69.0,3.0,17.0,21.0,25.0,0.0,1.0,2.0,22.0
Shariatpur,2025-09-09,2025,9,9,29.4,83.3,1005.5,7.0,67.0,2.0,17.0,20.0,25.0,0.0,3.0,5.0,72.0
Shariatpur,2025-09-10,2025,9,10,30.2,79.8,1005.0,7.0,68.0,3.0,16.0,19.0,22.0,1.0,4.0,7.0,99.0
Shariatpur,2025-09-11,2025,9,11,28.5,86.1,1005.1,7.0,62.0,2.0,13.0,15.0,17.0,0.0,0.0,11.0,25.0
Shariatpur,2025-09-12,2025,9,12,28.4,87.4,1006.2,6.0,55.0,2.0,12.0,14.0,15.0,1.0,1.0,26.0,60.0
Shariatpur,2025-09-13,2025,9,13,27.9,89.6,1007.1,6.0,56.0,2.0,12.0,15.0,16.0,1.0,1.0,42.0,95.0
Shariatpur,2025-09-14,2025,9,14,26.8,93.2,1007.6,4.0,56.0,2.0,13.0,15.0,16.0,1.0,3.0,47.0,154.0
Shariatpur,2025-09-15,2025,9,15,27.3,90.4,1006.5,4.0,48.0,2.0,9.0,10.0,11.0,2.0,7.0,30.0,216.0
Shariatpur,2025-09-16,2025,9,16,27.2,88.5,1007.1,5.0,44.0,2.0,10.0,11.0,12.0,,,,
Shariatpur,2025-09-17,2025,9,17,28.2,83.8,1006.9,7.0,58.0,2.0,17.0,20.0,21.0,,,,
Shariatpur,2025-09-18,2025,9,18,28.6,86.1,1006.0,6.0,73.0,3.0,20.0,25.0,28.0,,,,
Shariatpur,2025-09-19,2025,9,19,29.3,84.0,1005.6,8.0,92.0,4.0,31.0,36.0,37.0,,,,
Shariatpur,2025-09-20,2025,9,20,29.2,88.2,1004.1,8.0,112.0,4.0,44.0,48.0,49.0,,,,
Shariatpur,2025-09-21,2025,9,21,29.2,85.1,1002.8,8.0,130.0,4.0,38.0,41.0,41.0,,,,
Shariatpur,2025-09-22,2025,9,22,26.8,89.2,1003.1,5.0,74.0,3.0,11.0,12.0,12.0,,,,
Shariatpur,2025-09-23,2025,9,23,28.6,83.2,1003.2,7.0,45.0,2.0,9.0,10.0,10.0,0.0,0.0,1.0,7.0
Shariatpur,2025-09-24,2025,9,24,29.2,82.9,1001.6,8.0,48.0,2.0,12.0,13.0,13.0,0.0,1.0,5.0,40.0
Shariatpur,2025-09-25,2025,9,25,30.0,82.6,1001.5,8.0,53.0,2.0,12.0,13.0,14.0,1.0,3.0,12.0,95.0
Shariatpur,2025-09-26,2025,9,26,29.9,79.0,1003.7,7.0,56.0,2.0,11.0,12.0,13.0,1.0,5.0,19.0,150.0
Shariatpur,2025-09-27,2025,9,27,29.2,81.1,1007.9,7.0,36.0,1.0,8.0,9.0,11.0,2.0,7.0,26.0,206.0
Shariatpur,2025-09-28,2025,9,28,28.8,84.4,1007.3,7.0,57.0,2.0,16.0,19.0,21.0,1.0,5.0,44.0,165.0
Shariatpur,2025-09-29,2025,9,29,29.9,82.8,1004.6,8.0,74.0,3.0,32.0,35.0,36.0,0.0,0.0,1.0,4.0
Shariatpur,2025-09-30,2025,9,30,30.2,81.3,1002.1,8.0,136.0,5.0,41.0,44.0,44.0,0.0,1.0,7.0,22.0
Shariatpur,2025-10-01,2025,10,1,27.1,87.7,1004.6,5.0,75.0,3.0,12.0,13.0,13.0,0.0,1.0,17.0,52.0
Shariatpur,2025-10-02,2025,10,2,26.6,89.9,1008.8,3.0,33.0,1.0,5.0,6.0,7.0,0.0,2.0,26.0,82.0
Shariatpur,2025-10-03,2025,10,3,27.0,89.7,1010.3,6.0,28.0,1.0,6.0,7.0,8.0,1.0,3.0,36.0,112.0
Shariatpur,2025-10-04,2025,10,4,28.3,85.2,1009.6,6.0,35.0,1.0,8.0,10.0,12.0,1.0,3.0,41.0,121.0
Shariatpur,2025-10-05,2025,10,5,28.0,86.8,1008.8,7.0,49.0,2.0,11.0,13.0,15.0,,,,
Shariatpur,2025-10-06,2025,10,6,27.4,85.4,1009.0,6.0,52.0,2.0,9.0,10.0,10.0,,,,
Shariatpur,2025-10-07,2025,10,7,26.9,89.5,1009.1,6.0,,,12.0,,,,,,
Shariatpur,2025-10-08,2025,10,8,27.5,85.5,1009.7,7.0,47.0,2.0,17.0,18.0,19.0,,,,
Shariatpur,2025-10-09,2025,10,9,27.4,88.4,1009.8,6.0,60.0,2.0,16.0,17.0,17.0,,,,
Shariatpur,2025-10-10,2025,10,10,27.2,88.9,1008.9,7.0,62.0,2.0,15.0,16.0,16.0,,,,
Shariatpur,2025-10-11,2025,10,11,26.2,88.5,1009.2,4.0,55.0,2.0,12.0,13.0,13.0,,,,
Shariatpur,2025-10-12,2025,10,12,27.5,79.4,1009.6,7.0,55.0,2.0,14.0,15.0,15.0,,,,
Shariatpur,2025-10-13,2025,10,13,27.9,78.7,1010.1,7.0,60.0,2.0,25.0,27.0,27.0,,,,
Shariatpur,2025-10-14,2025,10,14,28.0,76.5,1008.9,8.0,67.0,3.0,47.0,51.0,52.0,,,,
Shariatpur,2025-10-15,2025,10,15,28.3,77.3,1008.4,8.0,112.0,4.0,49.0,52.0,53.0,8.0,7.0,46.0,364.0
Shariatpur,2025-10-16,2025,10,16,28.5,77.9,1009.0,8.0,152.0,5.0,62.0,66.0,67.0,,,,
Shariatpur,2025-10-17,2025,10,17,28.9,78.0,1010.4,7.0,159.0,5.0,72.0,77.0,77.0,,,,
Shariatpur,2025-10-18,2025,10,18,29.5,74.4,1010.2,7.0,163.0,6.0,108.0,102.0,102.0,,,,
Shariatpur,2025-10-19,2025,10,19,29.7,70.4,1009.6,7.0,,,,,,,,,
Shariatpur,2025-10-20,2025,10,20,29.5,72.9,1009.9,8.0,,,,,,,,,
Shariatpur,2025-10-21,2025,10,21,29.4,71.2,1010.5,8.0,,,,,,,,,
Shariatpur,2025-10-22,2025,10,22,29.2,73.5,1010.7,8.0,160.0,5.0,55.0,58.0,58.0,10.0,5.0,89.0,296.0
Shariatpur,2025-10-23,2025,10,23,28.8,75.2,1010.4,7.0,145.0,5.0,46.0,49.0,50.0,3.0,6.0,5.0,152.0
Shariatpur,2025-10-24,2025,10,24,28.8,71.1,1010.6,7.0,120.0,4.0,33.0,35.0,35.0,1.0,5.0,8.0,120.0
Shariatpur,2025-10-25,2025,10,25,29.0,70.9,1010.5,7.0,102.0,4.0,49.0,52.0,52.0,0.0,0.0,10.0,32.0
Shariatpur,2025-10-26,2025,10,26,29.2,72.6,1011.2,7.0,163.0,6.0,82.0,87.0,88.0,1.0,1.0,24.0,76.0
Shariatpur,2025-10-27,2025,10,27,29.3,69.5,1011.7,8.0,164.0,6.0,71.0,75.0,75.0,1.0,2.0,37.0,121.0
Shariatpur,2025-10-28,2025,10,28,29.0,75.1,1011.3,7.0,162.0,6.0,60.0,64.0,64.0,1.0,2.0,51.0,165.0
Shariatpur,2025-10-29,2025,10,29,27.9,82.4,1011.0,6.0,107.0,4.0,30.0,32.0,32.0,1.0,2.0,48.0,157.0
Shariatpur,2025-10-30,2025,10,30,27.4,85.1,1011.5,6.0,84.0,4.0,21.0,24.0,25.0,0.0,2.0,4.0,54.0
Shariatpur,2025-10-31,2025,10,31,28.8,78.8,1010.3,6.0,78.0,4.0,23.0,26.0,27.0,4.0,3.0,17.0,96.0
Shariatpur,2025-11-01,2025,11,1,27.8,82.9,1008.5,6.0,74.0,3.0,21.0,25.0,27.0,8.0,7.0,40.0,227.0
Shariatpur,2025-11-02,2025,11,2,26.2,85.4,1008.3,7.0,98.0,4.0,35.0,37.0,37.0,13.0,10.0,63.0,359.0
Shariatpur,2025-11-03,2025,11,3,25.9,81.5,1008.2,7.0,94.0,4.0,32.0,34.0,35.0,10.0,9.0,80.0,339.0
Shariatpur,2025-11-04,2025,11,4,26.7,78.0,1007.0,7.0,126.0,4.0,41.0,46.0,49.0,1.0,2.0,8.0,68.0
Shariatpur,2025-11-05,2025,11,5,26.9,85.8,1005.9,6.0,95.0,4.0,32.0,34.0,34.0,1.0,2.0,14.0,93.0
Shariatpur,2025-11-06,2025,11,6,27.5,79.7,1008.3,7.0,141.0,5.0,65.0,71.0,73.0,3.0,5.0,34.0,221.0
Shariatpur,2025-11-07,2025,11,7,27.4,78.2,1010.5,7.0,159.0,5.0,51.0,58.0,59.0,4.0,6.0,41.0,271.0
Shariatpur,2025-11-08,2025,11,8,26.5,71.9,1011.1,8.0,127.0,4.0,42.0,47.0,48.0,2.0,3.0,11.0,123.0
Shariatpur,2025-11-09,2025,11,9,25.1,75.3,1010.4,8.0,140.0,5.0,57.0,64.0,69.0,4.0,6.0,25.0,291.0
Shariatpur,2025-11-10,2025,11,10,25.4,75.2,1011.1,7.0,159.0,5.0,59.0,66.0,69.0,6.0,9.0,39.0,459.0
Shariatpur,2025-11-11,2025,11,11,23.8,65.7,1011.8,7.0,155.0,5.0,57.0,64.0,68.0,9.0,10.0,87.0,495.0
Shariatpur,2025-11-12,2025,11,12,23.2,67.3,1013.1,7.0,157.0,5.0,68.0,76.0,82.0,11.0,9.0,99.0,494.0
Shariatpur,2025-11-13,2025,11,13,23.1,67.9,1014.1,8.0,163.0,6.0,75.0,83.0,88.0,0.0,1.0,2.0,19.0
Shariatpur,2025-11-14,2025,11,14,22.9,71.5,1014.3,8.0,164.0,6.0,73.0,80.0,86.0,1.0,4.0,7.0,79.0
Shariatpur,2025-11-15,2025,11,15,23.1,71.4,1015.2,7.0,164.0,6.0,71.0,76.0,79.0,1.0,1.0,5.0,29.0
Shariatpur,2025-11-16,2025,11,16,23.3,66.6,1016.1,7.0,157.0,5.0,59.0,64.0,65.0,2.0,3.0,6.0,86.0
Shariatpur,2025-11-17,2025,11,17,23.6,66.4,1015.7,7.0,153.0,5.0,50.0,54.0,54.0,3.0,6.0,12.0,154.0
Shariatpur,2025-11-18,2025,11,18,24.0,65.4,1013.7,7.0,132.0,4.0,42.0,46.0,47.0,2.0,1.0,20.0,40.0
Shariatpur,2025-11-19,2025,11,19,24.3,64.8,1014.5,7.0,126.0,4.0,45.0,48.0,49.0,1.0,1.0,15.0,38.0
Shariatpur,2025-11-20,2025,11,20,23.6,66.7,1015.4,7.0,133.0,4.0,42.0,45.0,45.0,3.0,2.0,13.0,90.0
